
synth.elf:     file format elf32-avr

Sections:
Idx Name          Size      VMA       LMA       File off  Algn
  0 .text         00001808  00000000  00000000  00000094  2**1
                  CONTENTS, ALLOC, LOAD, READONLY, CODE
  1 .data         0000002a  00802000  00001808  0000189c  2**0
                  CONTENTS, ALLOC, LOAD, DATA
  2 .bss          00001b46  0080202a  0080202a  000018c6  2**0
                  ALLOC
  3 .comment      00000030  00000000  00000000  000018c6  2**0
                  CONTENTS, READONLY
  4 .note.gnu.avr.deviceinfo 00000040  00000000  00000000  000018f8  2**2
                  CONTENTS, READONLY
  5 .debug_aranges 00000170  00000000  00000000  00001938  2**3
                  CONTENTS, READONLY, DEBUGGING
  6 .debug_info   00007bc6  00000000  00000000  00001aa8  2**0
                  CONTENTS, READONLY, DEBUGGING
  7 .debug_abbrev 00004621  00000000  00000000  0000966e  2**0
                  CONTENTS, READONLY, DEBUGGING
  8 .debug_line   000016c0  00000000  00000000  0000dc8f  2**0
                  CONTENTS, READONLY, DEBUGGING
  9 .debug_frame  000002a4  00000000  00000000  0000f350  2**2
                  CONTENTS, READONLY, DEBUGGING
 10 .debug_str    00005232  00000000  00000000  0000f5f4  2**0
                  CONTENTS, READONLY, DEBUGGING
 11 .debug_loc    00000c66  00000000  00000000  00014826  2**0
                  CONTENTS, READONLY, DEBUGGING
 12 .debug_ranges 00000140  00000000  00000000  0001548c  2**0
                  CONTENTS, READONLY, DEBUGGING

Disassembly of section .text:

00000000 <__vectors>:
       0:	0c 94 d1 03 	jmp	0x7a2	; 0x7a2 <__ctors_end>
       4:	0c 94 f7 03 	jmp	0x7ee	; 0x7ee <__bad_interrupt>
       8:	0c 94 f7 03 	jmp	0x7ee	; 0x7ee <__bad_interrupt>
       c:	0c 94 f7 03 	jmp	0x7ee	; 0x7ee <__bad_interrupt>
      10:	0c 94 f7 03 	jmp	0x7ee	; 0x7ee <__bad_interrupt>
      14:	0c 94 f7 03 	jmp	0x7ee	; 0x7ee <__bad_interrupt>
      18:	0c 94 f6 05 	jmp	0xbec	; 0xbec <__vector_6>
      1c:	0c 94 f7 03 	jmp	0x7ee	; 0x7ee <__bad_interrupt>
      20:	0c 94 f7 03 	jmp	0x7ee	; 0x7ee <__bad_interrupt>
      24:	0c 94 f7 03 	jmp	0x7ee	; 0x7ee <__bad_interrupt>
      28:	0c 94 f7 03 	jmp	0x7ee	; 0x7ee <__bad_interrupt>
      2c:	0c 94 f7 03 	jmp	0x7ee	; 0x7ee <__bad_interrupt>
      30:	0c 94 f7 03 	jmp	0x7ee	; 0x7ee <__bad_interrupt>
      34:	0c 94 f7 03 	jmp	0x7ee	; 0x7ee <__bad_interrupt>
      38:	0c 94 f7 03 	jmp	0x7ee	; 0x7ee <__bad_interrupt>
      3c:	0c 94 f7 03 	jmp	0x7ee	; 0x7ee <__bad_interrupt>
      40:	0c 94 f7 03 	jmp	0x7ee	; 0x7ee <__bad_interrupt>
      44:	0c 94 f7 03 	jmp	0x7ee	; 0x7ee <__bad_interrupt>
      48:	0c 94 f7 03 	jmp	0x7ee	; 0x7ee <__bad_interrupt>
      4c:	0c 94 f7 03 	jmp	0x7ee	; 0x7ee <__bad_interrupt>
      50:	0c 94 f7 03 	jmp	0x7ee	; 0x7ee <__bad_interrupt>
      54:	0c 94 f7 03 	jmp	0x7ee	; 0x7ee <__bad_interrupt>
      58:	0c 94 f7 03 	jmp	0x7ee	; 0x7ee <__bad_interrupt>
      5c:	0c 94 f7 03 	jmp	0x7ee	; 0x7ee <__bad_interrupt>
      60:	0c 94 f7 03 	jmp	0x7ee	; 0x7ee <__bad_interrupt>
      64:	0c 94 f7 03 	jmp	0x7ee	; 0x7ee <__bad_interrupt>
      68:	0c 94 f7 03 	jmp	0x7ee	; 0x7ee <__bad_interrupt>
      6c:	0c 94 f7 03 	jmp	0x7ee	; 0x7ee <__bad_interrupt>
      70:	0c 94 f7 03 	jmp	0x7ee	; 0x7ee <__bad_interrupt>
      74:	0c 94 f7 03 	jmp	0x7ee	; 0x7ee <__bad_interrupt>
      78:	0c 94 f7 03 	jmp	0x7ee	; 0x7ee <__bad_interrupt>
      7c:	0c 94 f7 03 	jmp	0x7ee	; 0x7ee <__bad_interrupt>
      80:	0c 94 f7 03 	jmp	0x7ee	; 0x7ee <__bad_interrupt>
      84:	0c 94 f7 03 	jmp	0x7ee	; 0x7ee <__bad_interrupt>
      88:	0c 94 f7 03 	jmp	0x7ee	; 0x7ee <__bad_interrupt>
      8c:	0c 94 f7 03 	jmp	0x7ee	; 0x7ee <__bad_interrupt>
      90:	0c 94 f7 03 	jmp	0x7ee	; 0x7ee <__bad_interrupt>
      94:	0c 94 f7 03 	jmp	0x7ee	; 0x7ee <__bad_interrupt>
      98:	0c 94 f7 03 	jmp	0x7ee	; 0x7ee <__bad_interrupt>
      9c:	0c 94 f7 03 	jmp	0x7ee	; 0x7ee <__bad_interrupt>
      a0:	0c 94 f7 03 	jmp	0x7ee	; 0x7ee <__bad_interrupt>
      a4:	0c 94 f7 03 	jmp	0x7ee	; 0x7ee <__bad_interrupt>
      a8:	0c 94 f7 03 	jmp	0x7ee	; 0x7ee <__bad_interrupt>
      ac:	0c 94 f7 03 	jmp	0x7ee	; 0x7ee <__bad_interrupt>
      b0:	0c 94 f7 03 	jmp	0x7ee	; 0x7ee <__bad_interrupt>
      b4:	0c 94 f7 03 	jmp	0x7ee	; 0x7ee <__bad_interrupt>
      b8:	0c 94 f7 03 	jmp	0x7ee	; 0x7ee <__bad_interrupt>
      bc:	0c 94 f7 03 	jmp	0x7ee	; 0x7ee <__bad_interrupt>
      c0:	0c 94 f7 03 	jmp	0x7ee	; 0x7ee <__bad_interrupt>
      c4:	0c 94 f7 03 	jmp	0x7ee	; 0x7ee <__bad_interrupt>
      c8:	0c 94 f7 03 	jmp	0x7ee	; 0x7ee <__bad_interrupt>
      cc:	0c 94 f7 03 	jmp	0x7ee	; 0x7ee <__bad_interrupt>
      d0:	0c 94 f7 03 	jmp	0x7ee	; 0x7ee <__bad_interrupt>
      d4:	0c 94 f7 03 	jmp	0x7ee	; 0x7ee <__bad_interrupt>
      d8:	0c 94 f7 03 	jmp	0x7ee	; 0x7ee <__bad_interrupt>
      dc:	0c 94 f7 03 	jmp	0x7ee	; 0x7ee <__bad_interrupt>
      e0:	0c 94 f7 03 	jmp	0x7ee	; 0x7ee <__bad_interrupt>
      e4:	0c 94 f7 03 	jmp	0x7ee	; 0x7ee <__bad_interrupt>
      e8:	0c 94 f7 03 	jmp	0x7ee	; 0x7ee <__bad_interrupt>
      ec:	0c 94 f7 03 	jmp	0x7ee	; 0x7ee <__bad_interrupt>
      f0:	0c 94 f7 03 	jmp	0x7ee	; 0x7ee <__bad_interrupt>
      f4:	0c 94 f7 03 	jmp	0x7ee	; 0x7ee <__bad_interrupt>
      f8:	0c 94 f7 03 	jmp	0x7ee	; 0x7ee <__bad_interrupt>
      fc:	0c 94 f7 03 	jmp	0x7ee	; 0x7ee <__bad_interrupt>
     100:	0c 94 f7 03 	jmp	0x7ee	; 0x7ee <__bad_interrupt>
     104:	0c 94 f7 03 	jmp	0x7ee	; 0x7ee <__bad_interrupt>
     108:	0c 94 f7 03 	jmp	0x7ee	; 0x7ee <__bad_interrupt>
     10c:	0c 94 f7 03 	jmp	0x7ee	; 0x7ee <__bad_interrupt>
     110:	0c 94 f7 03 	jmp	0x7ee	; 0x7ee <__bad_interrupt>
     114:	0c 94 f7 03 	jmp	0x7ee	; 0x7ee <__bad_interrupt>
     118:	0c 94 f7 03 	jmp	0x7ee	; 0x7ee <__bad_interrupt>
     11c:	0c 94 f7 03 	jmp	0x7ee	; 0x7ee <__bad_interrupt>
     120:	0c 94 f7 03 	jmp	0x7ee	; 0x7ee <__bad_interrupt>
     124:	0c 94 f7 03 	jmp	0x7ee	; 0x7ee <__bad_interrupt>
     128:	0c 94 f7 03 	jmp	0x7ee	; 0x7ee <__bad_interrupt>
     12c:	0c 94 f7 03 	jmp	0x7ee	; 0x7ee <__bad_interrupt>
     130:	0c 94 f7 03 	jmp	0x7ee	; 0x7ee <__bad_interrupt>
     134:	0c 94 f7 03 	jmp	0x7ee	; 0x7ee <__bad_interrupt>
     138:	0c 94 f7 03 	jmp	0x7ee	; 0x7ee <__bad_interrupt>
     13c:	0c 94 f7 03 	jmp	0x7ee	; 0x7ee <__bad_interrupt>
     140:	0c 94 f7 03 	jmp	0x7ee	; 0x7ee <__bad_interrupt>
     144:	0c 94 f7 03 	jmp	0x7ee	; 0x7ee <__bad_interrupt>
     148:	0c 94 f7 03 	jmp	0x7ee	; 0x7ee <__bad_interrupt>
     14c:	0c 94 f7 03 	jmp	0x7ee	; 0x7ee <__bad_interrupt>
     150:	0c 94 f7 03 	jmp	0x7ee	; 0x7ee <__bad_interrupt>
     154:	0c 94 f7 03 	jmp	0x7ee	; 0x7ee <__bad_interrupt>
     158:	0c 94 f7 03 	jmp	0x7ee	; 0x7ee <__bad_interrupt>
     15c:	0c 94 f7 03 	jmp	0x7ee	; 0x7ee <__bad_interrupt>
     160:	0c 94 f7 03 	jmp	0x7ee	; 0x7ee <__bad_interrupt>
     164:	0c 94 f7 03 	jmp	0x7ee	; 0x7ee <__bad_interrupt>
     168:	0c 94 f7 03 	jmp	0x7ee	; 0x7ee <__bad_interrupt>
     16c:	0c 94 f7 03 	jmp	0x7ee	; 0x7ee <__bad_interrupt>
     170:	0c 94 f7 03 	jmp	0x7ee	; 0x7ee <__bad_interrupt>
     174:	0c 94 f7 03 	jmp	0x7ee	; 0x7ee <__bad_interrupt>
     178:	0c 94 f7 03 	jmp	0x7ee	; 0x7ee <__bad_interrupt>
     17c:	0c 94 f7 03 	jmp	0x7ee	; 0x7ee <__bad_interrupt>
     180:	0c 94 f7 03 	jmp	0x7ee	; 0x7ee <__bad_interrupt>
     184:	0c 94 f7 03 	jmp	0x7ee	; 0x7ee <__bad_interrupt>
     188:	0c 94 f7 03 	jmp	0x7ee	; 0x7ee <__bad_interrupt>
     18c:	0c 94 f7 03 	jmp	0x7ee	; 0x7ee <__bad_interrupt>
     190:	0c 94 f7 03 	jmp	0x7ee	; 0x7ee <__bad_interrupt>
     194:	0c 94 f7 03 	jmp	0x7ee	; 0x7ee <__bad_interrupt>
     198:	0c 94 f7 03 	jmp	0x7ee	; 0x7ee <__bad_interrupt>
     19c:	0c 94 f7 03 	jmp	0x7ee	; 0x7ee <__bad_interrupt>
     1a0:	0c 94 f7 03 	jmp	0x7ee	; 0x7ee <__bad_interrupt>
     1a4:	0c 94 f7 03 	jmp	0x7ee	; 0x7ee <__bad_interrupt>
     1a8:	0c 94 f7 03 	jmp	0x7ee	; 0x7ee <__bad_interrupt>
     1ac:	0c 94 f7 03 	jmp	0x7ee	; 0x7ee <__bad_interrupt>
     1b0:	0c 94 f7 03 	jmp	0x7ee	; 0x7ee <__bad_interrupt>
     1b4:	0c 94 f7 03 	jmp	0x7ee	; 0x7ee <__bad_interrupt>
     1b8:	0c 94 f7 03 	jmp	0x7ee	; 0x7ee <__bad_interrupt>
     1bc:	0c 94 f7 03 	jmp	0x7ee	; 0x7ee <__bad_interrupt>
     1c0:	0c 94 f7 03 	jmp	0x7ee	; 0x7ee <__bad_interrupt>
     1c4:	0c 94 f7 03 	jmp	0x7ee	; 0x7ee <__bad_interrupt>
     1c8:	0c 94 f7 03 	jmp	0x7ee	; 0x7ee <__bad_interrupt>
     1cc:	0c 94 f7 03 	jmp	0x7ee	; 0x7ee <__bad_interrupt>
     1d0:	0c 94 f7 03 	jmp	0x7ee	; 0x7ee <__bad_interrupt>
     1d4:	0c 94 f7 03 	jmp	0x7ee	; 0x7ee <__bad_interrupt>
     1d8:	0c 94 f7 03 	jmp	0x7ee	; 0x7ee <__bad_interrupt>
     1dc:	0c 94 f7 03 	jmp	0x7ee	; 0x7ee <__bad_interrupt>
     1e0:	0c 94 f7 03 	jmp	0x7ee	; 0x7ee <__bad_interrupt>
     1e4:	0c 94 f7 03 	jmp	0x7ee	; 0x7ee <__bad_interrupt>
     1e8:	0c 94 f7 03 	jmp	0x7ee	; 0x7ee <__bad_interrupt>
     1ec:	0c 94 f7 03 	jmp	0x7ee	; 0x7ee <__bad_interrupt>
     1f0:	0c 94 f7 03 	jmp	0x7ee	; 0x7ee <__bad_interrupt>
     1f4:	0c 94 f7 03 	jmp	0x7ee	; 0x7ee <__bad_interrupt>
     1f8:	0c 94 f7 03 	jmp	0x7ee	; 0x7ee <__bad_interrupt>
     1fc:	8c 06       	cpc	r8, r28
     1fe:	b3 06       	cpc	r11, r19
     200:	b3 06       	cpc	r11, r19
     202:	b3 06       	cpc	r11, r19
     204:	b3 06       	cpc	r11, r19
     206:	b3 06       	cpc	r11, r19
     208:	b3 06       	cpc	r11, r19
     20a:	b3 06       	cpc	r11, r19
     20c:	5c 06       	cpc	r5, r28
     20e:	64 06       	cpc	r6, r20
     210:	b3 06       	cpc	r11, r19
     212:	70 06       	cpc	r7, r16
     214:	78 06       	cpc	r7, r24
     216:	80 06       	cpc	r8, r16
     218:	b3 06       	cpc	r11, r19
     21a:	b3 06       	cpc	r11, r19
     21c:	b3 06       	cpc	r11, r19
     21e:	b3 06       	cpc	r11, r19
     220:	b3 06       	cpc	r11, r19
     222:	b3 06       	cpc	r11, r19
     224:	b3 06       	cpc	r11, r19
     226:	b3 06       	cpc	r11, r19
     228:	b3 06       	cpc	r11, r19
     22a:	b3 06       	cpc	r11, r19
     22c:	b3 06       	cpc	r11, r19
     22e:	b3 06       	cpc	r11, r19
     230:	b3 06       	cpc	r11, r19
     232:	b3 06       	cpc	r11, r19
     234:	b3 06       	cpc	r11, r19
     236:	b3 06       	cpc	r11, r19
     238:	b3 06       	cpc	r11, r19
     23a:	b3 06       	cpc	r11, r19
     23c:	b3 06       	cpc	r11, r19
     23e:	b3 06       	cpc	r11, r19
     240:	b3 06       	cpc	r11, r19
     242:	b3 06       	cpc	r11, r19
     244:	b3 06       	cpc	r11, r19
     246:	b3 06       	cpc	r11, r19
     248:	b3 06       	cpc	r11, r19
     24a:	b3 06       	cpc	r11, r19
     24c:	b3 06       	cpc	r11, r19
     24e:	b3 06       	cpc	r11, r19
     250:	b3 06       	cpc	r11, r19
     252:	b3 06       	cpc	r11, r19
     254:	b3 06       	cpc	r11, r19
     256:	b3 06       	cpc	r11, r19
     258:	b3 06       	cpc	r11, r19
     25a:	b3 06       	cpc	r11, r19
     25c:	b3 06       	cpc	r11, r19
     25e:	b3 06       	cpc	r11, r19
     260:	b3 06       	cpc	r11, r19
     262:	b3 06       	cpc	r11, r19
     264:	b3 06       	cpc	r11, r19
     266:	b3 06       	cpc	r11, r19
     268:	a4 06       	cpc	r10, r20
     26a:	9a 06       	cpc	r9, r26
     26c:	b3 06       	cpc	r11, r19
     26e:	59 06       	cpc	r5, r25
     270:	b3 06       	cpc	r11, r19
     272:	b3 06       	cpc	r11, r19
     274:	b3 06       	cpc	r11, r19
     276:	7c 06       	cpc	r7, r28
     278:	b3 06       	cpc	r11, r19
     27a:	b3 06       	cpc	r11, r19
     27c:	b3 06       	cpc	r11, r19
     27e:	ae 06       	cpc	r10, r30
     280:	a9 06       	cpc	r10, r25
     282:	84 06       	cpc	r8, r20
     284:	88 06       	cpc	r8, r24
     286:	b3 06       	cpc	r11, r19
     288:	60 06       	cpc	r6, r16
     28a:	b3 06       	cpc	r11, r19
     28c:	68 06       	cpc	r6, r24
     28e:	74 06       	cpc	r7, r20
     290:	9f 06       	cpc	r9, r31
     292:	b3 06       	cpc	r11, r19
     294:	95 06       	cpc	r9, r21
     296:	6c 06       	cpc	r6, r28
     298:	90 06       	cpc	r9, r16

0000029a <__trampolines_start>:
     29a:	0c 94 6c 06 	jmp	0xcd8	; 0xcd8 <ascii_to_note_id+0x54>
     29e:	0c 94 80 06 	jmp	0xd00	; 0xd00 <ascii_to_note_id+0x7c>
     2a2:	0c 94 7c 06 	jmp	0xcf8	; 0xcf8 <ascii_to_note_id+0x74>
     2a6:	0c 94 64 06 	jmp	0xcc8	; 0xcc8 <ascii_to_note_id+0x44>
     2aa:	0c 94 59 06 	jmp	0xcb2	; 0xcb2 <ascii_to_note_id+0x2e>
     2ae:	0c 94 84 06 	jmp	0xd08	; 0xd08 <ascii_to_note_id+0x84>
     2b2:	0c 94 70 06 	jmp	0xce0	; 0xce0 <ascii_to_note_id+0x5c>
     2b6:	0c 94 ae 06 	jmp	0xd5c	; 0xd5c <ascii_to_note_id+0xd8>
     2ba:	0c 94 9a 06 	jmp	0xd34	; 0xd34 <ascii_to_note_id+0xb0>
     2be:	0c 94 9f 06 	jmp	0xd3e	; 0xd3e <ascii_to_note_id+0xba>
     2c2:	0c 94 68 06 	jmp	0xcd0	; 0xcd0 <ascii_to_note_id+0x4c>
     2c6:	0c 94 90 06 	jmp	0xd20	; 0xd20 <ascii_to_note_id+0x9c>
     2ca:	0c 94 8c 06 	jmp	0xd18	; 0xd18 <ascii_to_note_id+0x94>
     2ce:	0c 94 95 06 	jmp	0xd2a	; 0xd2a <ascii_to_note_id+0xa6>
     2d2:	0c 94 88 06 	jmp	0xd10	; 0xd10 <ascii_to_note_id+0x8c>
     2d6:	0c 94 a9 06 	jmp	0xd52	; 0xd52 <ascii_to_note_id+0xce>
     2da:	0c 94 60 06 	jmp	0xcc0	; 0xcc0 <ascii_to_note_id+0x3c>
     2de:	0c 94 74 06 	jmp	0xce8	; 0xce8 <ascii_to_note_id+0x64>
     2e2:	0c 94 78 06 	jmp	0xcf0	; 0xcf0 <ascii_to_note_id+0x6c>
     2e6:	0c 94 a4 06 	jmp	0xd48	; 0xd48 <ascii_to_note_id+0xc4>
     2ea:	0c 94 5c 06 	jmp	0xcb8	; 0xcb8 <ascii_to_note_id+0x34>
     2ee:	0c 94 b3 06 	jmp	0xd66	; 0xd66 <ascii_to_note_id+0xe2>

000002f2 <__trampolines_end>:
     2f2:	1c 00       	.word	0x001c	; ????
     2f4:	1d 00       	.word	0x001d	; ????
     2f6:	1f 00       	.word	0x001f	; ????
     2f8:	21 00       	.word	0x0021	; ????
     2fa:	23 00       	.word	0x0023	; ????
     2fc:	25 00       	.word	0x0025	; ????
     2fe:	27 00       	.word	0x0027	; ????
     300:	29 00       	.word	0x0029	; ????
     302:	2c 00       	.word	0x002c	; ????
     304:	2e 00       	.word	0x002e	; ????
     306:	31 00       	.word	0x0031	; ????
     308:	34 00       	.word	0x0034	; ????
     30a:	37 00       	.word	0x0037	; ????
     30c:	3a 00       	.word	0x003a	; ????
     30e:	3e 00       	.word	0x003e	; ????
     310:	41 00       	.word	0x0041	; ????
     312:	45 00       	.word	0x0045	; ????
     314:	49 00       	.word	0x0049	; ????
     316:	4e 00       	.word	0x004e	; ????
     318:	52 00       	.word	0x0052	; ????
     31a:	57 00       	.word	0x0057	; ????
     31c:	5c 00       	.word	0x005c	; ????
     31e:	62 00       	.word	0x0062	; ????
     320:	68 00       	.word	0x0068	; ????
     322:	6e 00       	.word	0x006e	; ????
     324:	75 00       	.word	0x0075	; ????
     326:	7b 00       	.word	0x007b	; ????
     328:	83 00       	.word	0x0083	; ????
     32a:	8b 00       	.word	0x008b	; ????
     32c:	93 00       	.word	0x0093	; ????
     32e:	9c 00       	.word	0x009c	; ????
     330:	a5 00       	.word	0x00a5	; ????
     332:	af 00       	.word	0x00af	; ????
     334:	b9 00       	.word	0x00b9	; ????
     336:	c4 00       	.word	0x00c4	; ????
     338:	d0 00       	.word	0x00d0	; ????
     33a:	dc 00       	.word	0x00dc	; ????
     33c:	e9 00       	.word	0x00e9	; ????
     33e:	f7 00       	.word	0x00f7	; ????
     340:	06 01       	movw	r0, r12
     342:	15 01       	movw	r2, r10
     344:	26 01       	movw	r4, r12
     346:	37 01       	movw	r6, r14
     348:	4a 01       	movw	r8, r20
     34a:	5d 01       	movw	r10, r26
     34c:	72 01       	movw	r14, r4
     34e:	88 01       	movw	r16, r16
     350:	9f 01       	movw	r18, r30
     352:	b8 01       	movw	r22, r16
     354:	d2 01       	movw	r26, r4
     356:	ee 01       	movw	r28, r28
     358:	0b 02       	muls	r16, r27
     35a:	2a 02       	muls	r18, r26
     35c:	4b 02       	muls	r20, r27
     35e:	6e 02       	muls	r22, r30
     360:	93 02       	muls	r25, r19
     362:	ba 02       	muls	r27, r26
     364:	e4 02       	muls	r30, r20
     366:	10 03       	mulsu	r17, r16
     368:	3f 03       	fmul	r19, r23
     36a:	70 03       	mulsu	r23, r16
     36c:	a4 03       	fmuls	r18, r20
     36e:	dc 03       	fmulsu	r21, r20
     370:	17 04       	cpc	r1, r7
     372:	55 04       	cpc	r5, r5
     374:	97 04       	cpc	r9, r7
     376:	dd 04       	cpc	r13, r13
     378:	27 05       	cpc	r18, r7
     37a:	75 05       	cpc	r23, r5
     37c:	c8 05       	cpc	r28, r8
     37e:	20 06       	cpc	r2, r16
     380:	7d 06       	cpc	r7, r29
     382:	e0 06       	cpc	r14, r16
     384:	49 07       	cpc	r20, r25
     386:	b8 07       	cpc	r27, r24
     388:	2d 08       	sbc	r2, r13
     38a:	a9 08       	sbc	r10, r9
     38c:	2d 09       	sbc	r18, r13
     38e:	b9 09       	sbc	r27, r9
     390:	4d 0a       	sbc	r4, r29
     392:	ea 0a       	sbc	r14, r26
     394:	90 0b       	sbc	r25, r16
     396:	40 0c       	add	r4, r0
     398:	fa 0c       	add	r15, r10
     39a:	c0 0d       	add	r28, r0
     39c:	91 0e       	add	r9, r17
     39e:	6f 0f       	add	r22, r31
     3a0:	5a 10       	cpse	r5, r10

000003a2 <triangle_lut>:
     3a2:	00 fc 10 fc 20 fc 30 fc 40 fc 50 fc 60 fc 70 fc     .... .0.@.P.`.p.
     3b2:	80 fc 90 fc a0 fc b0 fc c0 fc d0 fc e0 fc f0 fc     ................
     3c2:	00 fd 10 fd 20 fd 30 fd 40 fd 50 fd 60 fd 70 fd     .... .0.@.P.`.p.
     3d2:	80 fd 90 fd a0 fd b0 fd c0 fd d0 fd e0 fd f0 fd     ................
     3e2:	00 fe 10 fe 20 fe 30 fe 40 fe 50 fe 60 fe 70 fe     .... .0.@.P.`.p.
     3f2:	80 fe 90 fe a0 fe b0 fe c0 fe d0 fe e0 fe f0 fe     ................
     402:	00 ff 10 ff 20 ff 30 ff 40 ff 50 ff 60 ff 70 ff     .... .0.@.P.`.p.
     412:	80 ff 90 ff a0 ff b0 ff c0 ff d0 ff e0 ff f0 ff     ................
     422:	00 00 10 00 20 00 30 00 40 00 50 00 60 00 70 00     .... .0.@.P.`.p.
     432:	80 00 90 00 a0 00 b0 00 c0 00 d0 00 e0 00 f0 00     ................
     442:	00 01 10 01 20 01 30 01 40 01 50 01 60 01 70 01     .... .0.@.P.`.p.
     452:	80 01 90 01 a0 01 b0 01 c0 01 d0 01 e0 01 f0 01     ................
     462:	00 02 10 02 20 02 30 02 40 02 50 02 60 02 70 02     .... .0.@.P.`.p.
     472:	80 02 90 02 a0 02 b0 02 c0 02 d0 02 e0 02 f0 02     ................
     482:	00 03 10 03 20 03 30 03 40 03 50 03 60 03 70 03     .... .0.@.P.`.p.
     492:	80 03 90 03 a0 03 b0 03 c0 03 d0 03 e0 03 f0 03     ................
     4a2:	00 04 f0 03 e0 03 d0 03 c0 03 b0 03 a0 03 90 03     ................
     4b2:	80 03 70 03 60 03 50 03 40 03 30 03 20 03 10 03     ..p.`.P.@.0. ...
     4c2:	00 03 f0 02 e0 02 d0 02 c0 02 b0 02 a0 02 90 02     ................
     4d2:	80 02 70 02 60 02 50 02 40 02 30 02 20 02 10 02     ..p.`.P.@.0. ...
     4e2:	00 02 f0 01 e0 01 d0 01 c0 01 b0 01 a0 01 90 01     ................
     4f2:	80 01 70 01 60 01 50 01 40 01 30 01 20 01 10 01     ..p.`.P.@.0. ...
     502:	00 01 f0 00 e0 00 d0 00 c0 00 b0 00 a0 00 90 00     ................
     512:	80 00 70 00 60 00 50 00 40 00 30 00 20 00 10 00     ..p.`.P.@.0. ...
     522:	00 00 f0 ff e0 ff d0 ff c0 ff b0 ff a0 ff 90 ff     ................
     532:	80 ff 70 ff 60 ff 50 ff 40 ff 30 ff 20 ff 10 ff     ..p.`.P.@.0. ...
     542:	00 ff f0 fe e0 fe d0 fe c0 fe b0 fe a0 fe 90 fe     ................
     552:	80 fe 70 fe 60 fe 50 fe 40 fe 30 fe 20 fe 10 fe     ..p.`.P.@.0. ...
     562:	00 fe f0 fd e0 fd d0 fd c0 fd b0 fd a0 fd 90 fd     ................
     572:	80 fd 70 fd 60 fd 50 fd 40 fd 30 fd 20 fd 10 fd     ..p.`.P.@.0. ...
     582:	00 fd f0 fc e0 fc d0 fc c0 fc b0 fc a0 fc 90 fc     ................
     592:	80 fc 70 fc 60 fc 50 fc 40 fc 30 fc 20 fc 10 fc     ..p.`.P.@.0. ...

000005a2 <sine_lut>:
     5a2:	00 00 19 00 32 00 4b 00 64 00 7d 00 96 00 ae 00     ....2.K.d.}.....
     5b2:	c7 00 e0 00 f8 00 10 01 29 01 41 01 58 01 70 01     ........).A.X.p.
     5c2:	87 01 9e 01 b5 01 cc 01 e2 01 f8 01 0e 02 23 02     ..............#.
     5d2:	38 02 4d 02 61 02 75 02 89 02 9c 02 af 02 c1 02     8.M.a.u.........
     5e2:	d3 02 e5 02 f6 02 07 03 17 03 26 03 36 03 44 03     ..........&.6.D.
     5f2:	53 03 60 03 6d 03 7a 03 86 03 92 03 9d 03 a7 03     S.`.m.z.........
     602:	b1 03 ba 03 c3 03 cb 03 d3 03 da 03 e0 03 e6 03     ................
     612:	eb 03 f0 03 f4 03 f7 03 fa 03 fc 03 fe 03 ff 03     ................
     622:	ff 03 ff 03 fe 03 fc 03 fa 03 f7 03 f4 03 f0 03     ................
     632:	eb 03 e6 03 e0 03 da 03 d3 03 cb 03 c3 03 ba 03     ................
     642:	b1 03 a7 03 9d 03 92 03 86 03 7a 03 6d 03 60 03     ..........z.m.`.
     652:	53 03 44 03 36 03 26 03 17 03 07 03 f6 02 e5 02     S.D.6.&.........
     662:	d3 02 c1 02 af 02 9c 02 89 02 75 02 61 02 4d 02     ..........u.a.M.
     672:	38 02 23 02 0e 02 f8 01 e2 01 cc 01 b5 01 9e 01     8.#.............
     682:	87 01 70 01 58 01 41 01 29 01 10 01 f8 00 e0 00     ..p.X.A.).......
     692:	c7 00 ae 00 96 00 7d 00 64 00 4b 00 32 00 19 00     ......}.d.K.2...
     6a2:	00 00 e6 ff cd ff b4 ff 9b ff 82 ff 69 ff 51 ff     ............i.Q.
     6b2:	38 ff 1f ff 07 ff ef fe d6 fe be fe a7 fe 8f fe     8...............
     6c2:	78 fe 61 fe 4a fe 33 fe 1d fe 07 fe f1 fd dc fd     x.a.J.3.........
     6d2:	c7 fd b2 fd 9e fd 8a fd 76 fd 63 fd 50 fd 3e fd     ........v.c.P.>.
     6e2:	2c fd 1a fd 09 fd f8 fc e8 fc d9 fc c9 fc bb fc     ,...............
     6f2:	ac fc 9f fc 92 fc 85 fc 79 fc 6d fc 62 fc 58 fc     ........y.m.b.X.
     702:	4e fc 45 fc 3c fc 34 fc 2c fc 25 fc 1f fc 19 fc     N.E.<.4.,.%.....
     712:	14 fc 0f fc 0b fc 08 fc 05 fc 03 fc 01 fc 00 fc     ................
     722:	00 fc 00 fc 01 fc 03 fc 05 fc 08 fc 0b fc 0f fc     ................
     732:	14 fc 19 fc 1f fc 25 fc 2c fc 34 fc 3c fc 45 fc     ......%.,.4.<.E.
     742:	4e fc 58 fc 62 fc 6d fc 79 fc 85 fc 92 fc 9f fc     N.X.b.m.y.......
     752:	ac fc bb fc c9 fc d9 fc e8 fc f8 fc 09 fd 1a fd     ................
     762:	2c fd 3e fd 50 fd 63 fd 76 fd 8a fd 9e fd b2 fd     ,.>.P.c.v.......
     772:	c7 fd dc fd f1 fd 07 fe 1d fe 33 fe 4a fe 61 fe     ..........3.J.a.
     782:	78 fe 8f fe a7 fe be fe d6 fe ef fe 07 ff 1f ff     x...............
     792:	38 ff 51 ff 69 ff 82 ff 9b ff b4 ff cd ff e6 ff     8.Q.i...........

000007a2 <__ctors_end>:
     7a2:	11 24       	eor	r1, r1
     7a4:	1f be       	out	0x3f, r1	; 63
     7a6:	cf ef       	ldi	r28, 0xFF	; 255
     7a8:	cd bf       	out	0x3d, r28	; 61
     7aa:	df e3       	ldi	r29, 0x3F	; 63
     7ac:	de bf       	out	0x3e, r29	; 62
     7ae:	00 e0       	ldi	r16, 0x00	; 0
     7b0:	0c bf       	out	0x3c, r16	; 60
     7b2:	18 be       	out	0x38, r1	; 56
     7b4:	19 be       	out	0x39, r1	; 57
     7b6:	1a be       	out	0x3a, r1	; 58
     7b8:	1b be       	out	0x3b, r1	; 59

000007ba <__do_copy_data>:
     7ba:	10 e2       	ldi	r17, 0x20	; 32
     7bc:	a0 e0       	ldi	r26, 0x00	; 0
     7be:	b0 e2       	ldi	r27, 0x20	; 32
     7c0:	e8 e0       	ldi	r30, 0x08	; 8
     7c2:	f8 e1       	ldi	r31, 0x18	; 24
     7c4:	00 e0       	ldi	r16, 0x00	; 0
     7c6:	0b bf       	out	0x3b, r16	; 59
     7c8:	02 c0       	rjmp	.+4      	; 0x7ce <__do_copy_data+0x14>
     7ca:	07 90       	elpm	r0, Z+
     7cc:	0d 92       	st	X+, r0
     7ce:	aa 32       	cpi	r26, 0x2A	; 42
     7d0:	b1 07       	cpc	r27, r17
     7d2:	d9 f7       	brne	.-10     	; 0x7ca <__do_copy_data+0x10>
     7d4:	1b be       	out	0x3b, r1	; 59

000007d6 <__do_clear_bss>:
     7d6:	2b e3       	ldi	r18, 0x3B	; 59
     7d8:	aa e2       	ldi	r26, 0x2A	; 42
     7da:	b0 e2       	ldi	r27, 0x20	; 32
     7dc:	01 c0       	rjmp	.+2      	; 0x7e0 <.do_clear_bss_start>

000007de <.do_clear_bss_loop>:
     7de:	1d 92       	st	X+, r1

000007e0 <.do_clear_bss_start>:
     7e0:	a0 37       	cpi	r26, 0x70	; 112
     7e2:	b2 07       	cpc	r27, r18
     7e4:	e1 f7       	brne	.-8      	; 0x7de <.do_clear_bss_loop>
     7e6:	0e 94 16 0a 	call	0x142c	; 0x142c <main>
     7ea:	0c 94 02 0c 	jmp	0x1804	; 0x1804 <_exit>

000007ee <__bad_interrupt>:
     7ee:	0c 94 00 00 	jmp	0	; 0x0 <__vectors>

000007f2 <init_clk>:
#include <avr/cpufunc.h>
#include "clock.h"
#include "common.h"

void init_clk(void){
	OSC.CTRL |= OSC_RC32MEN_bm; // Enable the reference clock source
     7f2:	e0 e5       	ldi	r30, 0x50	; 80
     7f4:	f0 e0       	ldi	r31, 0x00	; 0
     7f6:	80 81       	ld	r24, Z
     7f8:	82 60       	ori	r24, 0x02	; 2
     7fa:	80 83       	st	Z, r24
	while (!(OSC.STATUS & OSC_RC32MRDY_bm));
     7fc:	80 91 51 00 	lds	r24, 0x0051	; 0x800051 <__TEXT_REGION_LENGTH__+0x7de051>
     800:	81 ff       	sbrs	r24, 1
     802:	fc cf       	rjmp	.-8      	; 0x7fc <init_clk+0xa>
	OSC.CTRL |= OSC_RC32KEN_bm;
     804:	e0 e5       	ldi	r30, 0x50	; 80
     806:	f0 e0       	ldi	r31, 0x00	; 0
     808:	80 81       	ld	r24, Z
     80a:	84 60       	ori	r24, 0x04	; 4
     80c:	80 83       	st	Z, r24
	while(!(OSC.STATUS & OSC_RC32KRDY_bm));
     80e:	80 91 51 00 	lds	r24, 0x0051	; 0x800051 <__TEXT_REGION_LENGTH__+0x7de051>
     812:	82 ff       	sbrs	r24, 2
     814:	fc cf       	rjmp	.-8      	; 0x80e <__EEPROM_REGION_LENGTH__+0xe>
	OSC.DFLLCTRL = (OSC.DFLLCTRL & ~OSC_RC32MCREF_gm) | OSC_RC32MCREF_RC32K_gc;
     816:	e0 e5       	ldi	r30, 0x50	; 80
     818:	f0 e0       	ldi	r31, 0x00	; 0
     81a:	86 81       	ldd	r24, Z+6	; 0x06
     81c:	89 7f       	andi	r24, 0xF9	; 249
     81e:	86 83       	std	Z+6, r24	; 0x06
	DFLLRC32M.CTRL = DFLL_ENABLE_bm;
     820:	81 e0       	ldi	r24, 0x01	; 1
     822:	80 93 60 00 	sts	0x0060, r24	; 0x800060 <__TEXT_REGION_LENGTH__+0x7de060>
	ccp_write_io((uint8_t*)&CLK.CTRL,CLK_SCLKSEL_RC32M_gc); // Switch system clock to 32 MHz
     826:	61 e0       	ldi	r22, 0x01	; 1
     828:	80 e4       	ldi	r24, 0x40	; 64
     82a:	90 e0       	ldi	r25, 0x00	; 0
     82c:	0e 94 fc 0b 	call	0x17f8	; 0x17f8 <ccp_write_io>
	ccp_write_io((uint8_t*)&CLK.PSCTRL,(CLK_PSADIV_1_gc | CLK_PSBCDIV_1_1_gc)); // ensure no prescaling
     830:	60 e0       	ldi	r22, 0x00	; 0
     832:	81 e4       	ldi	r24, 0x41	; 65
     834:	90 e0       	ldi	r25, 0x00	; 0
     836:	0e 94 fc 0b 	call	0x17f8	; 0x17f8 <ccp_write_io>
     83a:	08 95       	ret

0000083c <init_dac>:

#include <avr/io.h>
#include "common.h"

void init_dac(void){
	DACA.CTRLB = DAC_CHSEL_SINGLE1_gc | DAC_CH1TRIG_bm;
     83c:	e0 e0       	ldi	r30, 0x00	; 0
     83e:	f3 e0       	ldi	r31, 0x03	; 3
     840:	82 e2       	ldi	r24, 0x22	; 34
     842:	81 83       	std	Z+1, r24	; 0x01
	DACA.CTRLC = DAC_REFSEL_AREFB_gc;
     844:	88 e1       	ldi	r24, 0x18	; 24
     846:	82 83       	std	Z+2, r24	; 0x02

	PORTCFG.MPCMASK = PIN2_bm | PIN3_bm;
     848:	8c e0       	ldi	r24, 0x0C	; 12
     84a:	80 93 b0 00 	sts	0x00B0, r24	; 0x8000b0 <__TEXT_REGION_LENGTH__+0x7de0b0>
	PORTA.PIN2CTRL = PORT_ISC_INPUT_DISABLE_gc;
     84e:	87 e0       	ldi	r24, 0x07	; 7
     850:	80 93 12 06 	sts	0x0612, r24	; 0x800612 <__TEXT_REGION_LENGTH__+0x7de612>
	DACA.EVCTRL = DAC_EVSEL_0_gc;
     854:	13 82       	std	Z+3, r1	; 0x03

	DACA.CTRLA = DAC_CH1EN_bm | DAC_CH0EN_bm | DAC_ENABLE_bm;
     856:	8d e0       	ldi	r24, 0x0D	; 13
     858:	80 83       	st	Z, r24
     85a:	08 95       	ret

0000085c <init_dma_dac>:

//----------------------------DMA CH0 init (DAC)--------------------------------
// CH0 always handles outputting samples to dac from filled ping-pong buffer
void init_dma_dac(void){
	// Source increments. Increment from DATAL -> DATAH.
	DMA.CH0.ADDRCTRL = DMA_CH_SRCRELOAD_BLOCK_gc | DMA_CH_SRCDIR_INC_gc | DMA_CH_DESTRELOAD_BURST_gc | DMA_CH_DESTDIR_INC_gc;
     85c:	e0 e0       	ldi	r30, 0x00	; 0
     85e:	f1 e0       	ldi	r31, 0x01	; 1
     860:	89 e5       	ldi	r24, 0x59	; 89
     862:	82 8b       	std	Z+18, r24	; 0x12

	uintptr_t dst = (uintptr_t)&DACA.CH1DATAL;
	uintptr_t src = (uintptr_t)&pfbuff[cbuff][0];
     864:	80 91 30 20 	lds	r24, 0x2030	; 0x802030 <cbuff>
     868:	90 e0       	ldi	r25, 0x00	; 0
     86a:	98 2f       	mov	r25, r24
     86c:	88 27       	eor	r24, r24
     86e:	99 0f       	add	r25, r25
     870:	89 59       	subi	r24, 0x99	; 153
     872:	98 4c       	sbci	r25, 0xC8	; 200

	DMA.CH0.SRCADDR0 = (uint8_t)((uint32_t)src & 0xFF);
     874:	80 8f       	std	Z+24, r24	; 0x18
	DMA.CH0.SRCADDR1 = (uint8_t)(((uint32_t)src >> 8) & 0xFF);
     876:	91 8f       	std	Z+25, r25	; 0x19
	DMA.CH0.SRCADDR2 = (uint8_t)(((uint32_t)src >> 16) & 0xFF);
     878:	12 8e       	std	Z+26, r1	; 0x1a

	// Always send points to DAC
	DMA.CH0.DESTADDR0 = (uint8_t)((uint32_t)dst & 0xFF);
     87a:	8a e1       	ldi	r24, 0x1A	; 26
     87c:	84 8f       	std	Z+28, r24	; 0x1c
	DMA.CH0.DESTADDR1 = (uint8_t)(((uint32_t)dst >> 8) & 0xFF);
     87e:	83 e0       	ldi	r24, 0x03	; 3
     880:	85 8f       	std	Z+29, r24	; 0x1d
	DMA.CH0.DESTADDR2 = (uint8_t)(((uint32_t)dst >> 16) & 0xFF);
     882:	16 8e       	std	Z+30, r1	; 0x1e

	// Initialize single shot on each TCC0 overflow
	DMA.CH0.TRIGSRC = DMA_CH_TRIGSRC_EVSYS_CH0_gc;
     884:	81 e0       	ldi	r24, 0x01	; 1
     886:	83 8b       	std	Z+19, r24	; 0x13

	DMA.CH0.REPCNT = 0;					// Unlimited Repeat
     888:	16 8a       	std	Z+22, r1	; 0x16
	DMA.CH0.TRFCNT = BLOCK_SIZE * 2;	// 16 bit samples, 2 bytes per DMA event
     88a:	80 e0       	ldi	r24, 0x00	; 0
     88c:	92 e0       	ldi	r25, 0x02	; 2
     88e:	84 8b       	std	Z+20, r24	; 0x14
     890:	95 8b       	std	Z+21, r25	; 0x15

	DMA.CH0.CTRLB = DMA_CH_TRNINTLVL_MED_gc;
     892:	82 e0       	ldi	r24, 0x02	; 2
     894:	81 8b       	std	Z+17, r24	; 0x11
	PMIC.CTRL |= PMIC_MEDLVLEN_bm;
     896:	a0 ea       	ldi	r26, 0xA0	; 160
     898:	b0 e0       	ldi	r27, 0x00	; 0
     89a:	12 96       	adiw	r26, 0x02	; 2
     89c:	8c 91       	ld	r24, X
     89e:	12 97       	sbiw	r26, 0x02	; 2
     8a0:	82 60       	ori	r24, 0x02	; 2
     8a2:	12 96       	adiw	r26, 0x02	; 2
     8a4:	8c 93       	st	X, r24

	// Burst 2 bytes per event, single-shot per trigger
	DMA.CH0.CTRLA |= DMA_CH_ENABLE_bm | DMA_CH_BURSTLEN_2BYTE_gc | DMA_CH_SINGLE_bm;
     8a6:	80 89       	ldd	r24, Z+16	; 0x10
     8a8:	85 68       	ori	r24, 0x85	; 133
     8aa:	80 8b       	std	Z+16, r24	; 0x10
	DMA.CTRL = DMA_ENABLE_bm;
     8ac:	80 e8       	ldi	r24, 0x80	; 128
     8ae:	80 83       	st	Z, r24
     8b0:	08 95       	ret

000008b2 <init_dma_usart>:
}

void init_dma_usart(void){
	// Fixed source, increment destination within keybuff[]
	DMA.CH1.ADDRCTRL = DMA_CH_SRCRELOAD_NONE_gc | DMA_CH_SRCDIR_FIXED_gc | DMA_CH_DESTRELOAD_BLOCK_gc | DMA_CH_DESTDIR_INC_gc;
     8b2:	e0 e0       	ldi	r30, 0x00	; 0
     8b4:	f1 e0       	ldi	r31, 0x01	; 1
     8b6:	85 e0       	ldi	r24, 0x05	; 5
     8b8:	82 a3       	std	Z+34, r24	; 0x22

	uintptr_t src = (uintptr_t)&USARTD0.DATA;
	uintptr_t dst = (uintptr_t)&keybuff[0];
     8ba:	87 e6       	ldi	r24, 0x67	; 103
     8bc:	9b e3       	ldi	r25, 0x3B	; 59

	DMA.CH1.SRCADDR0 = (uint8_t)((uint32_t)src & 0xFF);
     8be:	50 ea       	ldi	r21, 0xA0	; 160
     8c0:	50 a7       	std	Z+40, r21	; 0x28
	DMA.CH1.SRCADDR1 = (uint8_t)(((uint32_t)src >> 8) & 0xFF);
     8c2:	49 e0       	ldi	r20, 0x09	; 9
     8c4:	41 a7       	std	Z+41, r20	; 0x29
	DMA.CH1.SRCADDR2 = (uint8_t)(((uint32_t)src >> 16) & 0xFF);
     8c6:	12 a6       	std	Z+42, r1	; 0x2a

	// Send points to keybuff
	DMA.CH1.DESTADDR0 = (uint8_t)((uint32_t)dst & 0xFF);
     8c8:	84 a7       	std	Z+44, r24	; 0x2c
	DMA.CH1.DESTADDR1 = (uint8_t)(((uint32_t)dst >> 8) & 0xFF);
     8ca:	95 a7       	std	Z+45, r25	; 0x2d
	DMA.CH1.DESTADDR2 = (uint8_t)(((uint32_t)dst >> 16) & 0xFF);
     8cc:	16 a6       	std	Z+46, r1	; 0x2e

	// Trigger on each received byte
	DMA.CH1.TRIGSRC = DMA_CH_TRIGSRC_USARTD0_RXC_gc;
     8ce:	8b e6       	ldi	r24, 0x6B	; 107
     8d0:	83 a3       	std	Z+35, r24	; 0x23

	DMA.CH1.REPCNT = 0;			// Unlimited Repeat
     8d2:	16 a2       	std	Z+38, r1	; 0x26
	DMA.CH1.TRFCNT = KEYLEN;	// Circular buffer size in bytes. N bytes for type, N bytes for keys
     8d4:	89 e0       	ldi	r24, 0x09	; 9
     8d6:	90 e0       	ldi	r25, 0x00	; 0
     8d8:	84 a3       	std	Z+36, r24	; 0x24
     8da:	95 a3       	std	Z+37, r25	; 0x25

	// Burst 1 byte per character received
	DMA.CH1.CTRLA |= DMA_CH_ENABLE_bm | DMA_CH_BURSTLEN_1BYTE_gc | DMA_CH_REPEAT_bm | DMA_CH_SINGLE_bm;
     8dc:	80 a1       	ldd	r24, Z+32	; 0x20
     8de:	84 6a       	ori	r24, 0xA4	; 164
     8e0:	80 a3       	std	Z+32, r24	; 0x20

	DMA.CH2.ADDRCTRL = DMA_CH_SRCRELOAD_TRANSACTION_gc | DMA_CH_SRCDIR_INC_gc | DMA_CH_DESTRELOAD_NONE_gc | DMA_CH_DESTDIR_FIXED_gc;
     8e2:	80 ed       	ldi	r24, 0xD0	; 208
     8e4:	82 ab       	std	Z+50, r24	; 0x32

	uintptr_t dst2 = (uintptr_t)&USARTD0.DATA;
	uintptr_t src2 = (uintptr_t)&scope_frame_bank[scope_frame_tx][0];
     8e6:	60 91 33 20 	lds	r22, 0x2033	; 0x802033 <scope_frame_tx>
     8ea:	27 e2       	ldi	r18, 0x27	; 39
     8ec:	39 e0       	ldi	r19, 0x09	; 9
     8ee:	62 9f       	mul	r22, r18
     8f0:	c0 01       	movw	r24, r0
     8f2:	63 9f       	mul	r22, r19
     8f4:	90 0d       	add	r25, r0
     8f6:	11 24       	eor	r1, r1
     8f8:	84 57       	subi	r24, 0x74	; 116
     8fa:	9f 4d       	sbci	r25, 0xDF	; 223

	DMA.CH2.SRCADDR0 = (uint8_t)((uint32_t)src2 & 0xFF);
     8fc:	80 af       	std	Z+56, r24	; 0x38
	DMA.CH2.SRCADDR1 = (uint8_t)(((uint32_t)src2 >> 8) & 0xFF);
     8fe:	91 af       	std	Z+57, r25	; 0x39
	DMA.CH2.SRCADDR2 = (uint8_t)(((uint32_t)src2 >> 16) & 0xFF);
     900:	12 ae       	std	Z+58, r1	; 0x3a

	DMA.CH2.DESTADDR0 = (uint8_t)((uint32_t)dst2 & 0xFF);
     902:	54 af       	std	Z+60, r21	; 0x3c
	DMA.CH2.DESTADDR1 = (uint8_t)(((uint32_t)dst2 >> 8) & 0xFF);
     904:	45 af       	std	Z+61, r20	; 0x3d
	DMA.CH2.DESTADDR2 = (uint8_t)(((uint32_t)dst2 >> 16) & 0xFF);
     906:	16 ae       	std	Z+62, r1	; 0x3e

	DMA.CH2.TRFCNT = SCOPE_FRAME_BYTES;	// Frame buffer size in bytes
     908:	24 ab       	std	Z+52, r18	; 0x34
     90a:	35 ab       	std	Z+53, r19	; 0x35

	// Burst 1 byte per DRE
	DMA.CH2.TRIGSRC = DMA_CH_TRIGSRC_USARTD0_DRE_gc;
     90c:	8c e6       	ldi	r24, 0x6C	; 108
     90e:	83 ab       	std	Z+51, r24	; 0x33
	DMA.CH2.CTRLA = DMA_CH_BURSTLEN_1BYTE_gc | DMA_CH_SINGLE_bm;
     910:	84 e0       	ldi	r24, 0x04	; 4
     912:	80 ab       	std	Z+48, r24	; 0x30

	DMA.CTRL |= DMA_ENABLE_bm;
     914:	80 81       	ld	r24, Z
     916:	80 68       	ori	r24, 0x80	; 128
     918:	80 83       	st	Z, r24
     91a:	08 95       	ret

0000091c <set_src_addr>:
}

void set_src_addr(uint8_t cbuff){
	uintptr_t src = (uintptr_t)&pfbuff[cbuff][0];
     91c:	90 e0       	ldi	r25, 0x00	; 0
     91e:	98 2f       	mov	r25, r24
     920:	88 27       	eor	r24, r24
     922:	99 0f       	add	r25, r25
     924:	89 59       	subi	r24, 0x99	; 153
     926:	98 4c       	sbci	r25, 0xC8	; 200

	DMA.CH0.SRCADDR0 = (uint8_t)((uint32_t)src & 0xFF);
     928:	e0 e0       	ldi	r30, 0x00	; 0
     92a:	f1 e0       	ldi	r31, 0x01	; 1
     92c:	80 8f       	std	Z+24, r24	; 0x18
	DMA.CH0.SRCADDR1 = (uint8_t)(((uint32_t)src >> 8) & 0xFF);
     92e:	91 8f       	std	Z+25, r25	; 0x19
	DMA.CH0.SRCADDR2 = (uint8_t)(((uint32_t)src >> 16) & 0xFF);
     930:	12 8e       	std	Z+26, r1	; 0x1a
     932:	08 95       	ret

00000934 <set_scope_src_addr>:
}

void set_scope_src_addr(uint8_t bank)
{
	uintptr_t src = (uintptr_t)&scope_frame_bank[bank][0];
     934:	27 e2       	ldi	r18, 0x27	; 39
     936:	39 e0       	ldi	r19, 0x09	; 9
     938:	48 2f       	mov	r20, r24
     93a:	42 9f       	mul	r20, r18
     93c:	c0 01       	movw	r24, r0
     93e:	43 9f       	mul	r20, r19
     940:	90 0d       	add	r25, r0
     942:	11 24       	eor	r1, r1
     944:	84 57       	subi	r24, 0x74	; 116
     946:	9f 4d       	sbci	r25, 0xDF	; 223

	DMA.CH2.SRCADDR0 = (uint8_t)((uint32_t)src & 0xFF);
     948:	e0 e0       	ldi	r30, 0x00	; 0
     94a:	f1 e0       	ldi	r31, 0x01	; 1
     94c:	80 af       	std	Z+56, r24	; 0x38
	DMA.CH2.SRCADDR1 = (uint8_t)(((uint32_t)src >> 8) & 0xFF);
     94e:	91 af       	std	Z+57, r25	; 0x39
	DMA.CH2.SRCADDR2 = (uint8_t)(((uint32_t)src >> 16) & 0xFF);
     950:	12 ae       	std	Z+58, r1	; 0x3a
     952:	08 95       	ret

00000954 <init_one_frame>:
	}
	return DAC_OFFSET;
}

static void init_one_frame(char *frame)
{
     954:	bc 01       	movw	r22, r24
	for (uint8_t row = 0; row < SCOPE_ROWS; ++row) {
     956:	30 e0       	ldi	r19, 0x00	; 0
     958:	19 c0       	rjmp	.+50     	; 0x98c <init_one_frame+0x38>
		char *line = &frame[row * SCOPE_STRIDE];
     95a:	ab 01       	movw	r20, r22
     95c:	82 e8       	ldi	r24, 0x82	; 130
     95e:	38 9f       	mul	r19, r24
     960:	40 0d       	add	r20, r0
     962:	51 1d       	adc	r21, r1
     964:	11 24       	eor	r1, r1

		for (uint8_t col = 0; col < SCOPE_COLS_USED; ++col) {
     966:	90 e0       	ldi	r25, 0x00	; 0
     968:	06 c0       	rjmp	.+12     	; 0x976 <init_one_frame+0x22>
			line[col] = SCOPE_CHAR_BG;
     96a:	fa 01       	movw	r30, r20
     96c:	e9 0f       	add	r30, r25
     96e:	f1 1d       	adc	r31, r1
     970:	20 e2       	ldi	r18, 0x20	; 32
     972:	20 83       	st	Z, r18
static void init_one_frame(char *frame)
{
	for (uint8_t row = 0; row < SCOPE_ROWS; ++row) {
		char *line = &frame[row * SCOPE_STRIDE];

		for (uint8_t col = 0; col < SCOPE_COLS_USED; ++col) {
     974:	9f 5f       	subi	r25, 0xFF	; 255
     976:	99 23       	and	r25, r25
     978:	c4 f7       	brge	.-16     	; 0x96a <init_one_frame+0x16>
			line[col] = SCOPE_CHAR_BG;
		}

		line[SCOPE_COLS + 0] = '\r';
     97a:	fa 01       	movw	r30, r20
     97c:	e0 58       	subi	r30, 0x80	; 128
     97e:	ff 4f       	sbci	r31, 0xFF	; 255
     980:	8d e0       	ldi	r24, 0x0D	; 13
     982:	80 83       	st	Z, r24
		line[SCOPE_COLS + 1] = '\n';
     984:	31 96       	adiw	r30, 0x01	; 1
     986:	8a e0       	ldi	r24, 0x0A	; 10
     988:	80 83       	st	Z, r24
	return DAC_OFFSET;
}

static void init_one_frame(char *frame)
{
	for (uint8_t row = 0; row < SCOPE_ROWS; ++row) {
     98a:	3f 5f       	subi	r19, 0xFF	; 255
     98c:	32 31       	cpi	r19, 0x12	; 18
     98e:	28 f3       	brcs	.-54     	; 0x95a <init_one_frame+0x6>
     990:	80 e0       	ldi	r24, 0x00	; 0
     992:	09 c0       	rjmp	.+18     	; 0x9a6 <init_one_frame+0x52>
		line[SCOPE_COLS + 1] = '\n';
	}

	if (SCOPE_WAVE_ROWS < SCOPE_ROWS) {
		for (uint8_t col = 0; col < SCOPE_COLS_USED; ++col) {
			frame[SCOPE_WAVE_ROWS * SCOPE_STRIDE + col] = SCOPE_CHAR_ZERO;
     994:	e8 2f       	mov	r30, r24
     996:	f0 e0       	ldi	r31, 0x00	; 0
     998:	e0 5e       	subi	r30, 0xE0	; 224
     99a:	f7 4f       	sbci	r31, 0xF7	; 247
     99c:	e6 0f       	add	r30, r22
     99e:	f7 1f       	adc	r31, r23
     9a0:	9d e2       	ldi	r25, 0x2D	; 45
     9a2:	90 83       	st	Z, r25
		line[SCOPE_COLS + 0] = '\r';
		line[SCOPE_COLS + 1] = '\n';
	}

	if (SCOPE_WAVE_ROWS < SCOPE_ROWS) {
		for (uint8_t col = 0; col < SCOPE_COLS_USED; ++col) {
     9a4:	8f 5f       	subi	r24, 0xFF	; 255
     9a6:	88 23       	and	r24, r24
     9a8:	ac f7       	brge	.-22     	; 0x994 <init_one_frame+0x40>
     9aa:	80 e0       	ldi	r24, 0x00	; 0
     9ac:	0d c0       	rjmp	.+26     	; 0x9c8 <init_one_frame+0x74>
		}
	}

	if (SCOPE_INFO_ROW < SCOPE_ROWS) {
		for (uint8_t pos = 0; pos < SCOPE_INFO_LABEL_LEN; ++pos) {
			frame[SCOPE_INFO_ROW * SCOPE_STRIDE + pos] = SCOPE_INFO_LABEL[pos];
     9ae:	28 2f       	mov	r18, r24
     9b0:	30 e0       	ldi	r19, 0x00	; 0
     9b2:	f9 01       	movw	r30, r18
     9b4:	ee 55       	subi	r30, 0x5E	; 94
     9b6:	f7 4f       	sbci	r31, 0xF7	; 247
     9b8:	e6 0f       	add	r30, r22
     9ba:	f7 1f       	adc	r31, r23
     9bc:	d9 01       	movw	r26, r18
     9be:	a6 5e       	subi	r26, 0xE6	; 230
     9c0:	bf 4d       	sbci	r27, 0xDF	; 223
     9c2:	9c 91       	ld	r25, X
     9c4:	90 83       	st	Z, r25
			frame[SCOPE_WAVE_ROWS * SCOPE_STRIDE + col] = SCOPE_CHAR_ZERO;
		}
	}

	if (SCOPE_INFO_ROW < SCOPE_ROWS) {
		for (uint8_t pos = 0; pos < SCOPE_INFO_LABEL_LEN; ++pos) {
     9c6:	8f 5f       	subi	r24, 0xFF	; 255
     9c8:	8f 30       	cpi	r24, 0x0F	; 15
     9ca:	88 f3       	brcs	.-30     	; 0x9ae <init_one_frame+0x5a>
			frame[SCOPE_INFO_ROW * SCOPE_STRIDE + pos] = SCOPE_INFO_LABEL[pos];
		}

		frame[SCOPE_INFO_ROW * SCOPE_STRIDE + SCOPE_INFO_VOICE_POS] = '0';
     9cc:	fb 01       	movw	r30, r22
     9ce:	ef 54       	subi	r30, 0x4F	; 79
     9d0:	f7 4f       	sbci	r31, 0xF7	; 247
     9d2:	80 e3       	ldi	r24, 0x30	; 48
     9d4:	80 83       	st	Z, r24
		frame[SCOPE_INFO_ROW * SCOPE_STRIDE + SCOPE_SEQ_LABEL_POS + 0] = 'S';
     9d6:	32 96       	adiw	r30, 0x02	; 2
     9d8:	93 e5       	ldi	r25, 0x53	; 83
     9da:	90 83       	st	Z, r25
		frame[SCOPE_INFO_ROW * SCOPE_STRIDE + SCOPE_SEQ_LABEL_POS + 1] = ':';
     9dc:	31 96       	adiw	r30, 0x01	; 1
     9de:	9a e3       	ldi	r25, 0x3A	; 58
     9e0:	90 83       	st	Z, r25
		frame[SCOPE_INFO_ROW * SCOPE_STRIDE + SCOPE_SEQ_DIGIT_POS] = '0';
     9e2:	31 96       	adiw	r30, 0x01	; 1
     9e4:	80 83       	st	Z, r24
	return &SCOPE_FRAME_BUILD_PTR[0];
}

static inline void scope_write_home_suffix(char *frame)
{
	frame[SCOPE_FRAME_CHAR_BYTES + 0] = 0x1B;
     9e6:	e1 59       	subi	r30, 0x91	; 145
     9e8:	ff 4f       	sbci	r31, 0xFF	; 255
     9ea:	8b e1       	ldi	r24, 0x1B	; 27
     9ec:	80 83       	st	Z, r24
	frame[SCOPE_FRAME_CHAR_BYTES + 1] = '[';
     9ee:	31 96       	adiw	r30, 0x01	; 1
     9f0:	8b e5       	ldi	r24, 0x5B	; 91
     9f2:	80 83       	st	Z, r24
	frame[SCOPE_FRAME_CHAR_BYTES + 2] = 'H';
     9f4:	31 96       	adiw	r30, 0x01	; 1
     9f6:	88 e4       	ldi	r24, 0x48	; 72
     9f8:	80 83       	st	Z, r24
     9fa:	08 95       	ret

000009fc <scope_get_sample>:
	}
}

uint16_t scope_get_sample(uint16_t sample_idx)
{
	if (sample_idx < BLOCK_SIZE) {
     9fc:	8f 3f       	cpi	r24, 0xFF	; 255
     9fe:	91 05       	cpc	r25, r1
     a00:	09 f0       	breq	.+2      	; 0xa04 <scope_get_sample+0x8>
     a02:	70 f4       	brcc	.+28     	; 0xa20 <scope_get_sample+0x24>
		return pfbuff[lock_cbuff][sample_idx];
     a04:	e0 91 2a 20 	lds	r30, 0x202A	; 0x80202a <__data_end>
     a08:	f0 e0       	ldi	r31, 0x00	; 0
     a0a:	fe 2f       	mov	r31, r30
     a0c:	ee 27       	eor	r30, r30
     a0e:	e8 0f       	add	r30, r24
     a10:	f9 1f       	adc	r31, r25
     a12:	ee 0f       	add	r30, r30
     a14:	ff 1f       	adc	r31, r31
     a16:	e9 59       	subi	r30, 0x99	; 153
     a18:	f8 4c       	sbci	r31, 0xC8	; 200
     a1a:	80 81       	ld	r24, Z
     a1c:	91 81       	ldd	r25, Z+1	; 0x01
     a1e:	08 95       	ret
	}
	else if (sample_idx < SCOPE_SAMPLES_PER_FRAME) {
     a20:	81 15       	cp	r24, r1
     a22:	22 e0       	ldi	r18, 0x02	; 2
     a24:	92 07       	cpc	r25, r18
     a26:	88 f4       	brcc	.+34     	; 0xa4a <scope_get_sample+0x4e>
		return pfbuff[lock_cbuff ^ 1u][sample_idx - BLOCK_SIZE];
     a28:	e0 91 2a 20 	lds	r30, 0x202A	; 0x80202a <__data_end>
     a2c:	21 e0       	ldi	r18, 0x01	; 1
     a2e:	e2 27       	eor	r30, r18
     a30:	f0 e0       	ldi	r31, 0x00	; 0
     a32:	9a 95       	dec	r25
     a34:	fe 2f       	mov	r31, r30
     a36:	ee 27       	eor	r30, r30
     a38:	e8 0f       	add	r30, r24
     a3a:	f9 1f       	adc	r31, r25
     a3c:	ee 0f       	add	r30, r30
     a3e:	ff 1f       	adc	r31, r31
     a40:	e9 59       	subi	r30, 0x99	; 153
     a42:	f8 4c       	sbci	r31, 0xC8	; 200
     a44:	80 81       	ld	r24, Z
     a46:	91 81       	ldd	r25, Z+1	; 0x01
     a48:	08 95       	ret
	}
	return DAC_OFFSET;
     a4a:	80 e0       	ldi	r24, 0x00	; 0
     a4c:	98 e0       	ldi	r25, 0x08	; 8
}
     a4e:	08 95       	ret

00000a50 <init_frame>:
	scope_write_home_suffix(frame);
}

void init_frame(void)
{
	for (uint8_t col = 0; col < SCOPE_COLS_USED; ++col) {
     a50:	80 e0       	ldi	r24, 0x00	; 0
     a52:	07 c0       	rjmp	.+14     	; 0xa62 <init_frame+0x12>
		scope_prev_row[col] = WAVE_ROW_FROM_DAC(DAC_OFFSET);
     a54:	e8 2f       	mov	r30, r24
     a56:	f0 e0       	ldi	r31, 0x00	; 0
     a58:	e3 5c       	subi	r30, 0xC3	; 195
     a5a:	f9 4c       	sbci	r31, 0xC9	; 201
     a5c:	97 e0       	ldi	r25, 0x07	; 7
     a5e:	90 83       	st	Z, r25
	scope_write_home_suffix(frame);
}

void init_frame(void)
{
	for (uint8_t col = 0; col < SCOPE_COLS_USED; ++col) {
     a60:	8f 5f       	subi	r24, 0xFF	; 255
     a62:	88 23       	and	r24, r24
     a64:	bc f7       	brge	.-18     	; 0xa54 <init_frame+0x4>
		scope_prev_row[col] = WAVE_ROW_FROM_DAC(DAC_OFFSET);
	}

	init_one_frame(scope_frame_bank[0]);
     a66:	8c e8       	ldi	r24, 0x8C	; 140
     a68:	90 e2       	ldi	r25, 0x20	; 32
     a6a:	0e 94 aa 04 	call	0x954	; 0x954 <init_one_frame>
	init_one_frame(scope_frame_bank[1]);
     a6e:	83 eb       	ldi	r24, 0xB3	; 179
     a70:	99 e2       	ldi	r25, 0x29	; 41
     a72:	0e 94 aa 04 	call	0x954	; 0x954 <init_one_frame>
     a76:	08 95       	ret

00000a78 <scope_update_wave>:
}

void scope_update_wave(void)
{
     a78:	ff 92       	push	r15
     a7a:	0f 93       	push	r16
     a7c:	1f 93       	push	r17
     a7e:	cf 93       	push	r28
     a80:	df 93       	push	r29
#define SCOPE_SEQ_LABEL_POS   (SCOPE_INFO_VOICE_POS + 2u)
#define SCOPE_SEQ_DIGIT_POS   (SCOPE_SEQ_LABEL_POS + 2u)

static inline char *scope_build_text(void)
{
	return &SCOPE_FRAME_BUILD_PTR[0];
     a82:	20 91 01 20 	lds	r18, 0x2001	; 0x802001 <scope_frame_build>
     a86:	87 e2       	ldi	r24, 0x27	; 39
     a88:	99 e0       	ldi	r25, 0x09	; 9
     a8a:	28 9f       	mul	r18, r24
     a8c:	e0 01       	movw	r28, r0
     a8e:	29 9f       	mul	r18, r25
     a90:	d0 0d       	add	r29, r0
     a92:	11 24       	eor	r1, r1
     a94:	c4 57       	subi	r28, 0x74	; 116
     a96:	df 4d       	sbci	r29, 0xDF	; 223
}

void scope_update_wave(void)
{
	char *text = scope_build_text();
	scope_seq++;
     a98:	80 91 32 20 	lds	r24, 0x2032	; 0x802032 <scope_seq>
     a9c:	8f 5f       	subi	r24, 0xFF	; 255
     a9e:	80 93 32 20 	sts	0x2032, r24	; 0x802032 <scope_seq>
	scope_ready = 1;
}

static inline void scope_clear_wave_rows(char *text)
{
	for (uint8_t row = 0; row < SCOPE_WAVE_ROWS; ++row) {
     aa2:	40 e0       	ldi	r20, 0x00	; 0
     aa4:	11 c0       	rjmp	.+34     	; 0xac8 <scope_update_wave+0x50>
		char *line = &text[row * SCOPE_STRIDE];
     aa6:	82 e8       	ldi	r24, 0x82	; 130
     aa8:	48 9f       	mul	r20, r24
     aaa:	90 01       	movw	r18, r0
     aac:	11 24       	eor	r1, r1
		for (uint8_t col = 0; col < SCOPE_COLS_USED; ++col) {
     aae:	80 e0       	ldi	r24, 0x00	; 0
     ab0:	08 c0       	rjmp	.+16     	; 0xac2 <scope_update_wave+0x4a>
			line[col] = SCOPE_CHAR_BG;
     ab2:	f9 01       	movw	r30, r18
     ab4:	e8 0f       	add	r30, r24
     ab6:	f1 1d       	adc	r31, r1
     ab8:	ec 0f       	add	r30, r28
     aba:	fd 1f       	adc	r31, r29
     abc:	90 e2       	ldi	r25, 0x20	; 32
     abe:	90 83       	st	Z, r25

static inline void scope_clear_wave_rows(char *text)
{
	for (uint8_t row = 0; row < SCOPE_WAVE_ROWS; ++row) {
		char *line = &text[row * SCOPE_STRIDE];
		for (uint8_t col = 0; col < SCOPE_COLS_USED; ++col) {
     ac0:	8f 5f       	subi	r24, 0xFF	; 255
     ac2:	88 23       	and	r24, r24
     ac4:	b4 f7       	brge	.-20     	; 0xab2 <scope_update_wave+0x3a>
	scope_ready = 1;
}

static inline void scope_clear_wave_rows(char *text)
{
	for (uint8_t row = 0; row < SCOPE_WAVE_ROWS; ++row) {
     ac6:	4f 5f       	subi	r20, 0xFF	; 255
     ac8:	40 31       	cpi	r20, 0x10	; 16
     aca:	68 f3       	brcs	.-38     	; 0xaa6 <scope_update_wave+0x2e>
static inline void scope_restore_static_rows(char *text)
{
	// separator row
	if (SCOPE_WAVE_ROWS < SCOPE_ROWS) {
		char *sep = &text[SCOPE_WAVE_ROWS * SCOPE_STRIDE];
		for (uint8_t col = 0; col < SCOPE_COLS_USED; ++col) {
     acc:	80 e0       	ldi	r24, 0x00	; 0
     ace:	09 c0       	rjmp	.+18     	; 0xae2 <scope_update_wave+0x6a>
			sep[col] = SCOPE_CHAR_ZERO;
     ad0:	e8 2f       	mov	r30, r24
     ad2:	f0 e0       	ldi	r31, 0x00	; 0
     ad4:	e0 5e       	subi	r30, 0xE0	; 224
     ad6:	f7 4f       	sbci	r31, 0xF7	; 247
     ad8:	ec 0f       	add	r30, r28
     ada:	fd 1f       	adc	r31, r29
     adc:	9d e2       	ldi	r25, 0x2D	; 45
     ade:	90 83       	st	Z, r25
static inline void scope_restore_static_rows(char *text)
{
	// separator row
	if (SCOPE_WAVE_ROWS < SCOPE_ROWS) {
		char *sep = &text[SCOPE_WAVE_ROWS * SCOPE_STRIDE];
		for (uint8_t col = 0; col < SCOPE_COLS_USED; ++col) {
     ae0:	8f 5f       	subi	r24, 0xFF	; 255
     ae2:	88 23       	and	r24, r24
     ae4:	ac f7       	brge	.-22     	; 0xad0 <scope_update_wave+0x58>
		}
	}

	// info row
	if (SCOPE_INFO_ROW < SCOPE_ROWS) {
		char *info = &text[SCOPE_INFO_ROW * SCOPE_STRIDE];
     ae6:	9e 01       	movw	r18, r28
     ae8:	2e 55       	subi	r18, 0x5E	; 94
     aea:	37 4f       	sbci	r19, 0xF7	; 247

		for (uint8_t col = 0; col < SCOPE_COLS_USED; ++col) {
     aec:	80 e0       	ldi	r24, 0x00	; 0
     aee:	06 c0       	rjmp	.+12     	; 0xafc <scope_update_wave+0x84>
			info[col] = SCOPE_CHAR_BG;
     af0:	f9 01       	movw	r30, r18
     af2:	e8 0f       	add	r30, r24
     af4:	f1 1d       	adc	r31, r1
     af6:	90 e2       	ldi	r25, 0x20	; 32
     af8:	90 83       	st	Z, r25

	// info row
	if (SCOPE_INFO_ROW < SCOPE_ROWS) {
		char *info = &text[SCOPE_INFO_ROW * SCOPE_STRIDE];

		for (uint8_t col = 0; col < SCOPE_COLS_USED; ++col) {
     afa:	8f 5f       	subi	r24, 0xFF	; 255
     afc:	88 23       	and	r24, r24
     afe:	c4 f7       	brge	.-16     	; 0xaf0 <scope_update_wave+0x78>
     b00:	40 e0       	ldi	r20, 0x00	; 0
     b02:	0b c0       	rjmp	.+22     	; 0xb1a <scope_update_wave+0xa2>
			info[col] = SCOPE_CHAR_BG;
		}

		for (uint8_t pos = 0; pos < SCOPE_INFO_LABEL_LEN; ++pos) {
			info[pos] = SCOPE_INFO_LABEL[pos];
     b04:	84 2f       	mov	r24, r20
     b06:	90 e0       	ldi	r25, 0x00	; 0
     b08:	f9 01       	movw	r30, r18
     b0a:	e8 0f       	add	r30, r24
     b0c:	f9 1f       	adc	r31, r25
     b0e:	dc 01       	movw	r26, r24
     b10:	a6 5e       	subi	r26, 0xE6	; 230
     b12:	bf 4d       	sbci	r27, 0xDF	; 223
     b14:	8c 91       	ld	r24, X
     b16:	80 83       	st	Z, r24

		for (uint8_t col = 0; col < SCOPE_COLS_USED; ++col) {
			info[col] = SCOPE_CHAR_BG;
		}

		for (uint8_t pos = 0; pos < SCOPE_INFO_LABEL_LEN; ++pos) {
     b18:	4f 5f       	subi	r20, 0xFF	; 255
     b1a:	4f 30       	cpi	r20, 0x0F	; 15
     b1c:	98 f3       	brcs	.-26     	; 0xb04 <scope_update_wave+0x8c>
			info[pos] = SCOPE_INFO_LABEL[pos];
		}

		info[SCOPE_INFO_VOICE_POS] = (char)('0' + n_active);
     b1e:	80 91 2e 20 	lds	r24, 0x202E	; 0x80202e <n_active>
     b22:	80 5d       	subi	r24, 0xD0	; 208
     b24:	fe 01       	movw	r30, r28
     b26:	ef 54       	subi	r30, 0x4F	; 79
     b28:	f7 4f       	sbci	r31, 0xF7	; 247
     b2a:	80 83       	st	Z, r24

		info[SCOPE_SEQ_LABEL_POS + 0] = 'S';
     b2c:	83 e5       	ldi	r24, 0x53	; 83
     b2e:	32 96       	adiw	r30, 0x02	; 2
     b30:	80 83       	st	Z, r24
		info[SCOPE_SEQ_LABEL_POS + 1] = ':';
     b32:	8a e3       	ldi	r24, 0x3A	; 58
     b34:	31 96       	adiw	r30, 0x01	; 1
     b36:	80 83       	st	Z, r24
		info[SCOPE_SEQ_DIGIT_POS] = (char)('0' + (scope_seq % 10u));
     b38:	90 91 32 20 	lds	r25, 0x2032	; 0x802032 <scope_seq>
     b3c:	8d ec       	ldi	r24, 0xCD	; 205
     b3e:	98 9f       	mul	r25, r24
     b40:	81 2d       	mov	r24, r1
     b42:	11 24       	eor	r1, r1
     b44:	86 95       	lsr	r24
     b46:	86 95       	lsr	r24
     b48:	86 95       	lsr	r24
     b4a:	88 0f       	add	r24, r24
     b4c:	28 2f       	mov	r18, r24
     b4e:	22 0f       	add	r18, r18
     b50:	22 0f       	add	r18, r18
     b52:	82 0f       	add	r24, r18
     b54:	98 1b       	sub	r25, r24
     b56:	89 2f       	mov	r24, r25
     b58:	80 5d       	subi	r24, 0xD0	; 208
     b5a:	31 96       	adiw	r30, 0x01	; 1
     b5c:	80 83       	st	Z, r24
	char *text = scope_build_text();
	scope_seq++;

	scope_clear_wave_rows(text);
	scope_restore_static_rows(text);
	scope_write_home_suffix(SCOPE_FRAME_BUILD_PTR);
     b5e:	40 91 01 20 	lds	r20, 0x2001	; 0x802001 <scope_frame_build>
     b62:	27 e2       	ldi	r18, 0x27	; 39
     b64:	39 e0       	ldi	r19, 0x09	; 9
     b66:	42 9f       	mul	r20, r18
     b68:	c0 01       	movw	r24, r0
     b6a:	43 9f       	mul	r20, r19
     b6c:	90 0d       	add	r25, r0
     b6e:	11 24       	eor	r1, r1
     b70:	84 57       	subi	r24, 0x74	; 116
     b72:	9f 4d       	sbci	r25, 0xDF	; 223
	return &SCOPE_FRAME_BUILD_PTR[0];
}

static inline void scope_write_home_suffix(char *frame)
{
	frame[SCOPE_FRAME_CHAR_BYTES + 0] = 0x1B;
     b74:	fc 01       	movw	r30, r24
     b76:	ec 5d       	subi	r30, 0xDC	; 220
     b78:	f6 4f       	sbci	r31, 0xF6	; 246
     b7a:	2b e1       	ldi	r18, 0x1B	; 27
     b7c:	20 83       	st	Z, r18
	frame[SCOPE_FRAME_CHAR_BYTES + 1] = '[';
     b7e:	31 96       	adiw	r30, 0x01	; 1
     b80:	2b e5       	ldi	r18, 0x5B	; 91
     b82:	20 83       	st	Z, r18
	frame[SCOPE_FRAME_CHAR_BYTES + 2] = 'H';
     b84:	31 96       	adiw	r30, 0x01	; 1
     b86:	28 e4       	ldi	r18, 0x48	; 72
     b88:	20 83       	st	Z, r18

	scope_clear_wave_rows(text);
	scope_restore_static_rows(text);
	scope_write_home_suffix(SCOPE_FRAME_BUILD_PTR);

	for (uint8_t col = 0; col < SCOPE_COLS_USED; ++col) {
     b8a:	f1 2c       	mov	r15, r1
     b8c:	18 c0       	rjmp	.+48     	; 0xbbe <scope_update_wave+0x146>
		uint16_t sample_idx = SCOPE_SAMPLE_INDEX_FROM_COL(col);
     b8e:	0f 2d       	mov	r16, r15
     b90:	10 e0       	ldi	r17, 0x00	; 0
		uint16_t dac = scope_get_sample(sample_idx);
     b92:	c8 01       	movw	r24, r16
     b94:	88 0f       	add	r24, r24
     b96:	99 1f       	adc	r25, r25
     b98:	0e 94 fe 04 	call	0x9fc	; 0x9fc <scope_get_sample>
		uint8_t new_row = WAVE_ROW_FROM_DAC(dac);
     b9c:	8f e0       	ldi	r24, 0x0F	; 15
     b9e:	89 1b       	sub	r24, r25

		text[new_row * SCOPE_STRIDE + col] = SCOPE_CHAR_TRACE;
     ba0:	f8 01       	movw	r30, r16
     ba2:	92 e8       	ldi	r25, 0x82	; 130
     ba4:	89 9f       	mul	r24, r25
     ba6:	e0 0d       	add	r30, r0
     ba8:	f1 1d       	adc	r31, r1
     baa:	11 24       	eor	r1, r1
     bac:	ec 0f       	add	r30, r28
     bae:	fd 1f       	adc	r31, r29
     bb0:	9a e2       	ldi	r25, 0x2A	; 42
     bb2:	90 83       	st	Z, r25
		scope_prev_row[col] = new_row;
     bb4:	f8 01       	movw	r30, r16
     bb6:	e3 5c       	subi	r30, 0xC3	; 195
     bb8:	f9 4c       	sbci	r31, 0xC9	; 201
     bba:	80 83       	st	Z, r24

	scope_clear_wave_rows(text);
	scope_restore_static_rows(text);
	scope_write_home_suffix(SCOPE_FRAME_BUILD_PTR);

	for (uint8_t col = 0; col < SCOPE_COLS_USED; ++col) {
     bbc:	f3 94       	inc	r15
     bbe:	ff 20       	and	r15, r15
     bc0:	34 f7       	brge	.-52     	; 0xb8e <scope_update_wave+0x116>
	frame[SCOPE_FRAME_CHAR_BYTES + 2] = 'H';
}

static inline void scope_publish_frame(void)
{
	uint8_t sreg = SREG;
     bc2:	2f b7       	in	r18, 0x3f	; 63
	cli();
     bc4:	f8 94       	cli
	scope_frame_tx = scope_frame_build;
     bc6:	80 91 01 20 	lds	r24, 0x2001	; 0x802001 <scope_frame_build>
     bca:	80 93 33 20 	sts	0x2033, r24	; 0x802033 <scope_frame_tx>
	scope_frame_build ^= 1u;
     bce:	80 91 01 20 	lds	r24, 0x2001	; 0x802001 <scope_frame_build>
     bd2:	91 e0       	ldi	r25, 0x01	; 1
     bd4:	89 27       	eor	r24, r25
     bd6:	80 93 01 20 	sts	0x2001, r24	; 0x802001 <scope_frame_build>
	SREG = sreg;
     bda:	2f bf       	out	0x3f, r18	; 63

	scope_ready = 1;
     bdc:	90 93 2c 20 	sts	0x202C, r25	; 0x80202c <scope_ready>
		text[new_row * SCOPE_STRIDE + col] = SCOPE_CHAR_TRACE;
		scope_prev_row[col] = new_row;
	}

	scope_publish_frame();
     be0:	df 91       	pop	r29
     be2:	cf 91       	pop	r28
     be4:	1f 91       	pop	r17
     be6:	0f 91       	pop	r16
     be8:	ff 90       	pop	r15
     bea:	08 95       	ret

00000bec <__vector_6>:
}

//------------------------------------ISRs----------------------------------------
// on transaction completion, signal main to fill other half
// and swap immediately to precomputed half to avoid gaps in output
ISR(DMA_CH0_vect){
     bec:	1f 92       	push	r1
     bee:	0f 92       	push	r0
     bf0:	0f b6       	in	r0, 0x3f	; 63
     bf2:	0f 92       	push	r0
     bf4:	11 24       	eor	r1, r1
     bf6:	08 b6       	in	r0, 0x38	; 56
     bf8:	0f 92       	push	r0
     bfa:	18 be       	out	0x38, r1	; 56
     bfc:	09 b6       	in	r0, 0x39	; 57
     bfe:	0f 92       	push	r0
     c00:	19 be       	out	0x39, r1	; 57
     c02:	0b b6       	in	r0, 0x3b	; 59
     c04:	0f 92       	push	r0
     c06:	1b be       	out	0x3b, r1	; 59
     c08:	0f 93       	push	r16
     c0a:	1f 93       	push	r17
     c0c:	2f 93       	push	r18
     c0e:	3f 93       	push	r19
     c10:	4f 93       	push	r20
     c12:	5f 93       	push	r21
     c14:	6f 93       	push	r22
     c16:	7f 93       	push	r23
     c18:	8f 93       	push	r24
     c1a:	9f 93       	push	r25
     c1c:	af 93       	push	r26
     c1e:	bf 93       	push	r27
     c20:	cf 93       	push	r28
     c22:	ef 93       	push	r30
     c24:	ff 93       	push	r31
 PORTC.OUTTGL = PIN1_bm;
     c26:	82 e0       	ldi	r24, 0x02	; 2
     c28:	80 93 47 06 	sts	0x0647, r24	; 0x800647 <__TEXT_REGION_LENGTH__+0x7de647>
 cbuff ^= 1; // toggle cbuff
     c2c:	80 91 30 20 	lds	r24, 0x2030	; 0x802030 <cbuff>
     c30:	c1 e0       	ldi	r28, 0x01	; 1
     c32:	8c 27       	eor	r24, r28
     c34:	80 93 30 20 	sts	0x2030, r24	; 0x802030 <cbuff>
 DMA.INTFLAGS = DMA_CH0TRNIF_bm; // clear transfer flag
     c38:	00 e0       	ldi	r16, 0x00	; 0
     c3a:	11 e0       	ldi	r17, 0x01	; 1
     c3c:	f8 01       	movw	r30, r16
     c3e:	c3 83       	std	Z+3, r28	; 0x03
 set_src_addr(cbuff); // update source address
     c40:	0e 94 8e 04 	call	0x91c	; 0x91c <set_src_addr>
 DMA.CH0.CTRLA |= DMA_CH_ENABLE_bm; // Start transfer of other half
     c44:	f8 01       	movw	r30, r16
     c46:	80 89       	ldd	r24, Z+16	; 0x10
     c48:	80 68       	ori	r24, 0x80	; 128
     c4a:	80 8b       	std	Z+16, r24	; 0x10
 fillflag = 1;
     c4c:	c0 93 2f 20 	sts	0x202F, r28	; 0x80202f <fillflag>
}
     c50:	ff 91       	pop	r31
     c52:	ef 91       	pop	r30
     c54:	cf 91       	pop	r28
     c56:	bf 91       	pop	r27
     c58:	af 91       	pop	r26
     c5a:	9f 91       	pop	r25
     c5c:	8f 91       	pop	r24
     c5e:	7f 91       	pop	r23
     c60:	6f 91       	pop	r22
     c62:	5f 91       	pop	r21
     c64:	4f 91       	pop	r20
     c66:	3f 91       	pop	r19
     c68:	2f 91       	pop	r18
     c6a:	1f 91       	pop	r17
     c6c:	0f 91       	pop	r16
     c6e:	0f 90       	pop	r0
     c70:	0b be       	out	0x3b, r0	; 59
     c72:	0f 90       	pop	r0
     c74:	09 be       	out	0x39, r0	; 57
     c76:	0f 90       	pop	r0
     c78:	08 be       	out	0x38, r0	; 56
     c7a:	0f 90       	pop	r0
     c7c:	0f be       	out	0x3f, r0	; 63
     c7e:	0f 90       	pop	r0
     c80:	1f 90       	pop	r1
     c82:	18 95       	reti

00000c84 <ascii_to_note_id>:

//------------------------------------helpers------------------------------------------
int8_t ascii_to_note_id(uint8_t ch){
	if (ch == 's') {
     c84:	83 37       	cpi	r24, 0x73	; 115
     c86:	41 f4       	brne	.+16     	; 0xc98 <ascii_to_note_id+0x14>
		cwave ^= 1; // toggle wave type on switch
     c88:	90 91 31 20 	lds	r25, 0x2031	; 0x802031 <cwave>
     c8c:	81 e0       	ldi	r24, 0x01	; 1
     c8e:	89 27       	eor	r24, r25
     c90:	80 93 31 20 	sts	0x2031, r24	; 0x802031 <cwave>
		return -1;
     c94:	8f ef       	ldi	r24, 0xFF	; 255
     c96:	08 95       	ret
	}
	 uint8_t idx;
	// interpret other characters
	switch(ch){
     c98:	90 e0       	ldi	r25, 0x00	; 0
     c9a:	fc 01       	movw	r30, r24
     c9c:	bc 97       	sbiw	r30, 0x2c	; 44
     c9e:	ef 34       	cpi	r30, 0x4F	; 79
     ca0:	f1 05       	cpc	r31, r1
     ca2:	08 f0       	brcs	.+2      	; 0xca6 <ascii_to_note_id+0x22>
     ca4:	60 c0       	rjmp	.+192    	; 0xd66 <ascii_to_note_id+0xe2>
     ca6:	88 27       	eor	r24, r24
     ca8:	e2 50       	subi	r30, 0x02	; 2
     caa:	ff 4f       	sbci	r31, 0xFF	; 255
     cac:	8f 4f       	sbci	r24, 0xFF	; 255
     cae:	0c 94 59 0b 	jmp	0x16b2	; 0x16b2 <__tablejump2__>
		case 'e': idx = base + 0; break;
     cb2:	80 91 00 20 	lds	r24, 0x2000	; 0x802000 <__DATA_REGION_ORIGIN__>
     cb6:	08 95       	ret
		case '4': idx = base + 1; break;
     cb8:	80 91 00 20 	lds	r24, 0x2000	; 0x802000 <__DATA_REGION_ORIGIN__>
     cbc:	8f 5f       	subi	r24, 0xFF	; 255
     cbe:	08 95       	ret
		case 'r': idx = base + 2; break;
     cc0:	80 91 00 20 	lds	r24, 0x2000	; 0x802000 <__DATA_REGION_ORIGIN__>
     cc4:	8e 5f       	subi	r24, 0xFE	; 254
     cc6:	08 95       	ret
		case '5': idx = base + 3; break;
     cc8:	80 91 00 20 	lds	r24, 0x2000	; 0x802000 <__DATA_REGION_ORIGIN__>
     ccc:	8d 5f       	subi	r24, 0xFD	; 253
     cce:	08 95       	ret
		case 't': idx = base + 4; break;
     cd0:	80 91 00 20 	lds	r24, 0x2000	; 0x802000 <__DATA_REGION_ORIGIN__>
     cd4:	8c 5f       	subi	r24, 0xFC	; 252
     cd6:	08 95       	ret
		case 'y': idx = base + 5; break;
     cd8:	80 91 00 20 	lds	r24, 0x2000	; 0x802000 <__DATA_REGION_ORIGIN__>
     cdc:	8b 5f       	subi	r24, 0xFB	; 251
     cde:	08 95       	ret
		case '7': idx = base + 6; break;
     ce0:	80 91 00 20 	lds	r24, 0x2000	; 0x802000 <__DATA_REGION_ORIGIN__>
     ce4:	8a 5f       	subi	r24, 0xFA	; 250
     ce6:	08 95       	ret
		case 'u': idx = base + 7; break;
     ce8:	80 91 00 20 	lds	r24, 0x2000	; 0x802000 <__DATA_REGION_ORIGIN__>
     cec:	89 5f       	subi	r24, 0xF9	; 249
     cee:	08 95       	ret
		case '8': idx = base + 8; break;
     cf0:	80 91 00 20 	lds	r24, 0x2000	; 0x802000 <__DATA_REGION_ORIGIN__>
     cf4:	88 5f       	subi	r24, 0xF8	; 248
     cf6:	08 95       	ret
		case 'i': idx = base + 9; break;
     cf8:	80 91 00 20 	lds	r24, 0x2000	; 0x802000 <__DATA_REGION_ORIGIN__>
     cfc:	87 5f       	subi	r24, 0xF7	; 247
     cfe:	08 95       	ret
		case '9': idx = base + 10; break;
     d00:	80 91 00 20 	lds	r24, 0x2000	; 0x802000 <__DATA_REGION_ORIGIN__>
     d04:	86 5f       	subi	r24, 0xF6	; 246
     d06:	08 95       	ret
		case 'o': idx = base + 11; break;
     d08:	80 91 00 20 	lds	r24, 0x2000	; 0x802000 <__DATA_REGION_ORIGIN__>
     d0c:	85 5f       	subi	r24, 0xF5	; 245
     d0e:	08 95       	ret
		case 'p': idx = base + 12; break;
     d10:	80 91 00 20 	lds	r24, 0x2000	; 0x802000 <__DATA_REGION_ORIGIN__>
     d14:	84 5f       	subi	r24, 0xF4	; 244
     d16:	08 95       	ret
		// Key changes (octaves)
		case ',': base = 0; return -1; // give access to lowest 3 notes
     d18:	10 92 00 20 	sts	0x2000, r1	; 0x802000 <__DATA_REGION_ORIGIN__>
     d1c:	8f ef       	ldi	r24, 0xFF	; 255
     d1e:	08 95       	ret
		case 'z': base = 3; return -1; // C1
     d20:	83 e0       	ldi	r24, 0x03	; 3
     d22:	80 93 00 20 	sts	0x2000, r24	; 0x802000 <__DATA_REGION_ORIGIN__>
     d26:	8f ef       	ldi	r24, 0xFF	; 255
     d28:	08 95       	ret
		case 'x': base = 15; return -1; // C2
     d2a:	8f e0       	ldi	r24, 0x0F	; 15
     d2c:	80 93 00 20 	sts	0x2000, r24	; 0x802000 <__DATA_REGION_ORIGIN__>
     d30:	8f ef       	ldi	r24, 0xFF	; 255
     d32:	08 95       	ret
		case 'c': base = 27; return -1; // C3
     d34:	8b e1       	ldi	r24, 0x1B	; 27
     d36:	80 93 00 20 	sts	0x2000, r24	; 0x802000 <__DATA_REGION_ORIGIN__>
     d3a:	8f ef       	ldi	r24, 0xFF	; 255
     d3c:	08 95       	ret
		case 'v': base = 39; return -1; // C4
     d3e:	87 e2       	ldi	r24, 0x27	; 39
     d40:	80 93 00 20 	sts	0x2000, r24	; 0x802000 <__DATA_REGION_ORIGIN__>
     d44:	8f ef       	ldi	r24, 0xFF	; 255
     d46:	08 95       	ret
		case 'b': base = 51; return -1; // C5
     d48:	83 e3       	ldi	r24, 0x33	; 51
     d4a:	80 93 00 20 	sts	0x2000, r24	; 0x802000 <__DATA_REGION_ORIGIN__>
     d4e:	8f ef       	ldi	r24, 0xFF	; 255
     d50:	08 95       	ret
		case 'n': base = 63; return -1; // C6
     d52:	8f e3       	ldi	r24, 0x3F	; 63
     d54:	80 93 00 20 	sts	0x2000, r24	; 0x802000 <__DATA_REGION_ORIGIN__>
     d58:	8f ef       	ldi	r24, 0xFF	; 255
     d5a:	08 95       	ret
		case 'm': base = 75; return -1; // C7
     d5c:	8b e4       	ldi	r24, 0x4B	; 75
     d5e:	80 93 00 20 	sts	0x2000, r24	; 0x802000 <__DATA_REGION_ORIGIN__>
     d62:	8f ef       	ldi	r24, 0xFF	; 255
     d64:	08 95       	ret
		default: return -1;
     d66:	8f ef       	ldi	r24, 0xFF	; 255
	}
		return (int8_t)idx;
}
     d68:	08 95       	ret

00000d6a <update_voices_from_keybuff>:

//------------------------------------Synth Functions------------------------------------------
void update_voices_from_keybuff(void){
     d6a:	0f 93       	push	r16
     d6c:	1f 93       	push	r17
     d6e:	cf 93       	push	r28
     d70:	df 93       	push	r29
	for (uint8_t v = 0; v < N_VOICES; ++v) {
     d72:	20 e0       	ldi	r18, 0x00	; 0
     d74:	11 c0       	rjmp	.+34     	; 0xd98 <update_voices_from_keybuff+0x2e>
		voices[v].seen_this_block = 0; 	// clear seen flags
     d76:	82 2f       	mov	r24, r18
     d78:	90 e0       	ldi	r25, 0x00	; 0
     d7a:	88 0f       	add	r24, r24
     d7c:	99 1f       	adc	r25, r25
     d7e:	fc 01       	movw	r30, r24
     d80:	ee 0f       	add	r30, r30
     d82:	ff 1f       	adc	r31, r31
     d84:	ee 0f       	add	r30, r30
     d86:	ff 1f       	adc	r31, r31
     d88:	ee 0f       	add	r30, r30
     d8a:	ff 1f       	adc	r31, r31
     d8c:	e8 1b       	sub	r30, r24
     d8e:	f9 0b       	sbc	r31, r25
     d90:	e3 5c       	subi	r30, 0xC3	; 195
     d92:	f8 4c       	sbci	r31, 0xC8	; 200
     d94:	14 86       	std	Z+12, r1	; 0x0c
		return (int8_t)idx;
}

//------------------------------------Synth Functions------------------------------------------
void update_voices_from_keybuff(void){
	for (uint8_t v = 0; v < N_VOICES; ++v) {
     d96:	2f 5f       	subi	r18, 0xFF	; 255
     d98:	23 30       	cpi	r18, 0x03	; 3
     d9a:	68 f3       	brcs	.-38     	; 0xd76 <update_voices_from_keybuff+0xc>
     d9c:	c0 e0       	ldi	r28, 0x00	; 0
     d9e:	d0 e0       	ldi	r29, 0x00	; 0
     da0:	e9 c0       	rjmp	.+466    	; 0xf74 <update_voices_from_keybuff+0x20a>
		voices[v].seen_this_block = 0; 	// clear seen flags
	}
	for (uint16_t i = 0; i < KEYLEN; ++i) {
		if (keybuff[i] == 0) {
     da2:	fe 01       	movw	r30, r28
     da4:	e9 59       	subi	r30, 0x99	; 153
     da6:	f4 4c       	sbci	r31, 0xC4	; 196
     da8:	80 81       	ld	r24, Z
     daa:	88 23       	and	r24, r24
     dac:	09 f4       	brne	.+2      	; 0xdb0 <update_voices_from_keybuff+0x46>
     dae:	e1 c0       	rjmp	.+450    	; 0xf72 <update_voices_from_keybuff+0x208>
        continue; // no byte received here this block
		}

		int8_t note_id = ascii_to_note_id(keybuff[i]);
     db0:	0e 94 42 06 	call	0xc84	; 0xc84 <ascii_to_note_id>
		keybuff[i] = 0; // prevent cycling the same buffered keys if the user stops holding keys
     db4:	fe 01       	movw	r30, r28
     db6:	e9 59       	subi	r30, 0x99	; 153
     db8:	f4 4c       	sbci	r31, 0xC4	; 196
     dba:	10 82       	st	Z, r1

		if (note_id < 0) {
     dbc:	88 23       	and	r24, r24
     dbe:	0c f4       	brge	.+2      	; 0xdc2 <update_voices_from_keybuff+0x58>
     dc0:	d8 c0       	rjmp	.+432    	; 0xf72 <update_voices_from_keybuff+0x208>
			 continue; // Skip non-notes
		}

		int8_t owner = note_owner[note_id];
     dc2:	48 2f       	mov	r20, r24
     dc4:	08 2e       	mov	r0, r24
     dc6:	00 0c       	add	r0, r0
     dc8:	55 0b       	sbc	r21, r21
     dca:	fa 01       	movw	r30, r20
     dcc:	ec 5c       	subi	r30, 0xCC	; 204
     dce:	ff 4d       	sbci	r31, 0xDF	; 223
     dd0:	20 81       	ld	r18, Z

		if (owner >= 0) {
     dd2:	22 23       	and	r18, r18
     dd4:	d4 f1       	brlt	.+116    	; 0xe4a <update_voices_from_keybuff+0xe0>
			Voice *v = &voices[owner];
     dd6:	02 2e       	mov	r0, r18
     dd8:	00 0c       	add	r0, r0
     dda:	33 0b       	sbc	r19, r19

			if (v->env_state != OFF) {
     ddc:	b9 01       	movw	r22, r18
     dde:	66 0f       	add	r22, r22
     de0:	77 1f       	adc	r23, r23
     de2:	fb 01       	movw	r30, r22
     de4:	ee 0f       	add	r30, r30
     de6:	ff 1f       	adc	r31, r31
     de8:	ee 0f       	add	r30, r30
     dea:	ff 1f       	adc	r31, r31
     dec:	ee 0f       	add	r30, r30
     dee:	ff 1f       	adc	r31, r31
     df0:	e6 1b       	sub	r30, r22
     df2:	f7 0b       	sbc	r31, r23
     df4:	e3 5c       	subi	r30, 0xC3	; 195
     df6:	f8 4c       	sbci	r31, 0xC8	; 200
     df8:	90 81       	ld	r25, Z
     dfa:	93 30       	cpi	r25, 0x03	; 3
     dfc:	09 f1       	breq	.+66     	; 0xe40 <update_voices_from_keybuff+0xd6>
				v->seen_this_block = 1;
     dfe:	fb 01       	movw	r30, r22
     e00:	ee 0f       	add	r30, r30
     e02:	ff 1f       	adc	r31, r31
     e04:	ee 0f       	add	r30, r30
     e06:	ff 1f       	adc	r31, r31
     e08:	ee 0f       	add	r30, r30
     e0a:	ff 1f       	adc	r31, r31
     e0c:	e6 1b       	sub	r30, r22
     e0e:	f7 0b       	sbc	r31, r23
     e10:	e3 5c       	subi	r30, 0xC3	; 195
     e12:	f8 4c       	sbci	r31, 0xC8	; 200
     e14:	81 e0       	ldi	r24, 0x01	; 1
     e16:	84 87       	std	Z+12, r24	; 0x0c
				v->hold_ticks = HOLD_TICKS;
     e18:	86 e0       	ldi	r24, 0x06	; 6
     e1a:	85 87       	std	Z+13, r24	; 0x0d
				if (v->env_state == RELEASE) {
     e1c:	92 30       	cpi	r25, 0x02	; 2
     e1e:	09 f0       	breq	.+2      	; 0xe22 <update_voices_from_keybuff+0xb8>
     e20:	a8 c0       	rjmp	.+336    	; 0xf72 <update_voices_from_keybuff+0x208>
					v->env_state = AD;
     e22:	fb 01       	movw	r30, r22
     e24:	ee 0f       	add	r30, r30
     e26:	ff 1f       	adc	r31, r31
     e28:	ee 0f       	add	r30, r30
     e2a:	ff 1f       	adc	r31, r31
     e2c:	ee 0f       	add	r30, r30
     e2e:	ff 1f       	adc	r31, r31
     e30:	e6 1b       	sub	r30, r22
     e32:	f7 0b       	sbc	r31, r23
     e34:	e3 5c       	subi	r30, 0xC3	; 195
     e36:	f8 4c       	sbci	r31, 0xC8	; 200
     e38:	10 82       	st	Z, r1
					v->env_idx   = 0;
     e3a:	12 86       	std	Z+10, r1	; 0x0a
     e3c:	13 86       	std	Z+11, r1	; 0x0b
				}
				continue;
     e3e:	99 c0       	rjmp	.+306    	; 0xf72 <update_voices_from_keybuff+0x208>
			}
			else {
				note_owner[note_id] = -1; // stale, clear ownership
     e40:	9f ef       	ldi	r25, 0xFF	; 255
     e42:	fa 01       	movw	r30, r20
     e44:	ec 5c       	subi	r30, 0xCC	; 204
     e46:	ff 4d       	sbci	r31, 0xDF	; 223
     e48:	90 83       	st	Z, r25
		int8_t chosen = -1;
		uint16_t best_rel_idx = 0;

		// The received note is not already active, scan all voices once for best steal candidate.
		// Prefer an OFF voice, otherwise, track RELEASE voice with highest env_idx
		for (uint8_t v = 0; v < N_VOICES; ++v) {
     e4a:	90 e0       	ldi	r25, 0x00	; 0

		// Steal constants
		int8_t free_voice    = -1;
		int8_t best_release  = -1;
		int8_t chosen = -1;
		uint16_t best_rel_idx = 0;
     e4c:	a0 e0       	ldi	r26, 0x00	; 0
     e4e:	b0 e0       	ldi	r27, 0x00	; 0
			}
		}

		// Steal constants
		int8_t free_voice    = -1;
		int8_t best_release  = -1;
     e50:	1f ef       	ldi	r17, 0xFF	; 255
		int8_t chosen = -1;
		uint16_t best_rel_idx = 0;

		// The received note is not already active, scan all voices once for best steal candidate.
		// Prefer an OFF voice, otherwise, track RELEASE voice with highest env_idx
		for (uint8_t v = 0; v < N_VOICES; ++v) {
     e52:	2a c0       	rjmp	.+84     	; 0xea8 <update_voices_from_keybuff+0x13e>
			if (voices[v].env_state == OFF) {
     e54:	29 2f       	mov	r18, r25
     e56:	30 e0       	ldi	r19, 0x00	; 0
     e58:	b9 01       	movw	r22, r18
     e5a:	66 0f       	add	r22, r22
     e5c:	77 1f       	adc	r23, r23
     e5e:	fb 01       	movw	r30, r22
     e60:	ee 0f       	add	r30, r30
     e62:	ff 1f       	adc	r31, r31
     e64:	ee 0f       	add	r30, r30
     e66:	ff 1f       	adc	r31, r31
     e68:	ee 0f       	add	r30, r30
     e6a:	ff 1f       	adc	r31, r31
     e6c:	e6 1b       	sub	r30, r22
     e6e:	f7 0b       	sbc	r31, r23
     e70:	e3 5c       	subi	r30, 0xC3	; 195
     e72:	f8 4c       	sbci	r31, 0xC8	; 200
     e74:	60 81       	ld	r22, Z
     e76:	63 30       	cpi	r22, 0x03	; 3
     e78:	d1 f0       	breq	.+52     	; 0xeae <update_voices_from_keybuff+0x144>
				free_voice = (int8_t)v;
				break;
			}
			if (voices[v].env_state == RELEASE) {
     e7a:	62 30       	cpi	r22, 0x02	; 2
     e7c:	a1 f4       	brne	.+40     	; 0xea6 <update_voices_from_keybuff+0x13c>
				uint16_t idx = voices[v].env_idx;
     e7e:	22 0f       	add	r18, r18
     e80:	33 1f       	adc	r19, r19
     e82:	f9 01       	movw	r30, r18
     e84:	ee 0f       	add	r30, r30
     e86:	ff 1f       	adc	r31, r31
     e88:	ee 0f       	add	r30, r30
     e8a:	ff 1f       	adc	r31, r31
     e8c:	ee 0f       	add	r30, r30
     e8e:	ff 1f       	adc	r31, r31
     e90:	e2 1b       	sub	r30, r18
     e92:	f3 0b       	sbc	r31, r19
     e94:	e3 5c       	subi	r30, 0xC3	; 195
     e96:	f8 4c       	sbci	r31, 0xC8	; 200
     e98:	22 85       	ldd	r18, Z+10	; 0x0a
     e9a:	33 85       	ldd	r19, Z+11	; 0x0b
				if (idx >= best_rel_idx) { // update idx if an older voice is present
     e9c:	2a 17       	cp	r18, r26
     e9e:	3b 07       	cpc	r19, r27
     ea0:	10 f0       	brcs	.+4      	; 0xea6 <update_voices_from_keybuff+0x13c>
					best_rel_idx = idx;
					best_release = (int8_t)v;
     ea2:	19 2f       	mov	r17, r25
				break;
			}
			if (voices[v].env_state == RELEASE) {
				uint16_t idx = voices[v].env_idx;
				if (idx >= best_rel_idx) { // update idx if an older voice is present
					best_rel_idx = idx;
     ea4:	d9 01       	movw	r26, r18
		int8_t chosen = -1;
		uint16_t best_rel_idx = 0;

		// The received note is not already active, scan all voices once for best steal candidate.
		// Prefer an OFF voice, otherwise, track RELEASE voice with highest env_idx
		for (uint8_t v = 0; v < N_VOICES; ++v) {
     ea6:	9f 5f       	subi	r25, 0xFF	; 255
     ea8:	93 30       	cpi	r25, 0x03	; 3
     eaa:	a0 f2       	brcs	.-88     	; 0xe54 <update_voices_from_keybuff+0xea>
				note_owner[note_id] = -1; // stale, clear ownership
			}
		}

		// Steal constants
		int8_t free_voice    = -1;
     eac:	9f ef       	ldi	r25, 0xFF	; 255
					best_release = (int8_t)v;
				}
			}
		}

		if (free_voice >= 0) {
     eae:	99 23       	and	r25, r25
     eb0:	24 f4       	brge	.+8      	; 0xeba <update_voices_from_keybuff+0x150>
			chosen = free_voice; // use free OFF voice
		}
		else if (best_release >= 0) {
     eb2:	11 23       	and	r17, r17
     eb4:	0c f4       	brge	.+2      	; 0xeb8 <update_voices_from_keybuff+0x14e>
     eb6:	5d c0       	rjmp	.+186    	; 0xf72 <update_voices_from_keybuff+0x208>
			chosen = best_release; // steal oldest RELEASED voice
     eb8:	91 2f       	mov	r25, r17
		}
		else {
			continue;
		}

		Voice *voice = &voices[chosen];
     eba:	29 2f       	mov	r18, r25
     ebc:	09 2e       	mov	r0, r25
     ebe:	00 0c       	add	r0, r0
     ec0:	33 0b       	sbc	r19, r19

		if (voice->env_state != OFF) {
     ec2:	b9 01       	movw	r22, r18
     ec4:	66 0f       	add	r22, r22
     ec6:	77 1f       	adc	r23, r23
     ec8:	fb 01       	movw	r30, r22
     eca:	ee 0f       	add	r30, r30
     ecc:	ff 1f       	adc	r31, r31
     ece:	ee 0f       	add	r30, r30
     ed0:	ff 1f       	adc	r31, r31
     ed2:	ee 0f       	add	r30, r30
     ed4:	ff 1f       	adc	r31, r31
     ed6:	e6 1b       	sub	r30, r22
     ed8:	f7 0b       	sbc	r31, r23
     eda:	e3 5c       	subi	r30, 0xC3	; 195
     edc:	f8 4c       	sbci	r31, 0xC8	; 200
     ede:	60 81       	ld	r22, Z
     ee0:	63 30       	cpi	r22, 0x03	; 3
     ee2:	d9 f0       	breq	.+54     	; 0xf1a <update_voices_from_keybuff+0x1b0>
			uint8_t old_id = voice->note_id;
     ee4:	b9 01       	movw	r22, r18
     ee6:	66 0f       	add	r22, r22
     ee8:	77 1f       	adc	r23, r23
     eea:	fb 01       	movw	r30, r22
     eec:	ee 0f       	add	r30, r30
     eee:	ff 1f       	adc	r31, r31
     ef0:	ee 0f       	add	r30, r30
     ef2:	ff 1f       	adc	r31, r31
     ef4:	ee 0f       	add	r30, r30
     ef6:	ff 1f       	adc	r31, r31
     ef8:	e6 1b       	sub	r30, r22
     efa:	f7 0b       	sbc	r31, r23
     efc:	e3 5c       	subi	r30, 0xC3	; 195
     efe:	f8 4c       	sbci	r31, 0xC8	; 200
     f00:	61 81       	ldd	r22, Z+1	; 0x01
			if (note_owner[old_id] == chosen) {
     f02:	70 e0       	ldi	r23, 0x00	; 0
     f04:	fb 01       	movw	r30, r22
     f06:	ec 5c       	subi	r30, 0xCC	; 204
     f08:	ff 4d       	sbci	r31, 0xDF	; 223
     f0a:	e0 81       	ld	r30, Z
     f0c:	9e 13       	cpse	r25, r30
     f0e:	05 c0       	rjmp	.+10     	; 0xf1a <update_voices_from_keybuff+0x1b0>
				note_owner[old_id] = -1;
     f10:	db 01       	movw	r26, r22
     f12:	ac 5c       	subi	r26, 0xCC	; 204
     f14:	bf 4d       	sbci	r27, 0xDF	; 223
     f16:	ef ef       	ldi	r30, 0xFF	; 255
     f18:	ec 93       	st	X, r30
			}
		}

		voice->env_state = AD;
     f1a:	22 0f       	add	r18, r18
     f1c:	33 1f       	adc	r19, r19
     f1e:	f9 01       	movw	r30, r18
     f20:	ee 0f       	add	r30, r30
     f22:	ff 1f       	adc	r31, r31
     f24:	ee 0f       	add	r30, r30
     f26:	ff 1f       	adc	r31, r31
     f28:	ee 0f       	add	r30, r30
     f2a:	ff 1f       	adc	r31, r31
     f2c:	e2 1b       	sub	r30, r18
     f2e:	f3 0b       	sbc	r31, r19
     f30:	e3 5c       	subi	r30, 0xC3	; 195
     f32:	f8 4c       	sbci	r31, 0xC8	; 200
     f34:	10 82       	st	Z, r1
		voice->env_idx = 0;
     f36:	12 86       	std	Z+10, r1	; 0x0a
     f38:	13 86       	std	Z+11, r1	; 0x0b
		voice->note_id = (uint8_t)note_id;
     f3a:	81 83       	std	Z+1, r24	; 0x01
		voice->phase = 0;
     f3c:	12 82       	std	Z+2, r1	; 0x02
     f3e:	13 82       	std	Z+3, r1	; 0x03
     f40:	14 82       	std	Z+4, r1	; 0x04
     f42:	15 82       	std	Z+5, r1	; 0x05
		voice->step = freq_lut[note_id];
     f44:	da 01       	movw	r26, r20
     f46:	aa 0f       	add	r26, r26
     f48:	bb 1f       	adc	r27, r27
     f4a:	aa 0f       	add	r26, r26
     f4c:	bb 1f       	adc	r27, r27
     f4e:	a3 52       	subi	r26, 0x23	; 35
     f50:	bd 4c       	sbci	r27, 0xCD	; 205
     f52:	0d 91       	ld	r16, X+
     f54:	1d 91       	ld	r17, X+
     f56:	2d 91       	ld	r18, X+
     f58:	3c 91       	ld	r19, X
     f5a:	06 83       	std	Z+6, r16	; 0x06
     f5c:	17 83       	std	Z+7, r17	; 0x07
     f5e:	20 87       	std	Z+8, r18	; 0x08
     f60:	31 87       	std	Z+9, r19	; 0x09
		voice->seen_this_block = 1;
     f62:	81 e0       	ldi	r24, 0x01	; 1
     f64:	84 87       	std	Z+12, r24	; 0x0c
		voice->hold_ticks = HOLD_TICKS;
     f66:	86 e0       	ldi	r24, 0x06	; 6
     f68:	85 87       	std	Z+13, r24	; 0x0d
		note_owner[note_id] = chosen; // update note_owner table
     f6a:	fa 01       	movw	r30, r20
     f6c:	ec 5c       	subi	r30, 0xCC	; 204
     f6e:	ff 4d       	sbci	r31, 0xDF	; 223
     f70:	90 83       	st	Z, r25
//------------------------------------Synth Functions------------------------------------------
void update_voices_from_keybuff(void){
	for (uint8_t v = 0; v < N_VOICES; ++v) {
		voices[v].seen_this_block = 0; 	// clear seen flags
	}
	for (uint16_t i = 0; i < KEYLEN; ++i) {
     f72:	21 96       	adiw	r28, 0x01	; 1
     f74:	c9 30       	cpi	r28, 0x09	; 9
     f76:	d1 05       	cpc	r29, r1
     f78:	08 f4       	brcc	.+2      	; 0xf7c <update_voices_from_keybuff+0x212>
     f7a:	13 cf       	rjmp	.-474    	; 0xda2 <update_voices_from_keybuff+0x38>
     f7c:	30 e0       	ldi	r19, 0x00	; 0
     f7e:	66 c0       	rjmp	.+204    	; 0x104c <update_voices_from_keybuff+0x2e2>
		note_owner[note_id] = chosen; // update note_owner table
	}

	// Transition released keys to RELEASE
	for (uint8_t v = 0; v < N_VOICES; ++v) {
		if(voices[v].env_state == OFF || voices[v].env_state == RELEASE) continue;
     f80:	83 2f       	mov	r24, r19
     f82:	90 e0       	ldi	r25, 0x00	; 0
     f84:	ac 01       	movw	r20, r24
     f86:	44 0f       	add	r20, r20
     f88:	55 1f       	adc	r21, r21
     f8a:	fa 01       	movw	r30, r20
     f8c:	ee 0f       	add	r30, r30
     f8e:	ff 1f       	adc	r31, r31
     f90:	ee 0f       	add	r30, r30
     f92:	ff 1f       	adc	r31, r31
     f94:	ee 0f       	add	r30, r30
     f96:	ff 1f       	adc	r31, r31
     f98:	e4 1b       	sub	r30, r20
     f9a:	f5 0b       	sbc	r31, r21
     f9c:	e3 5c       	subi	r30, 0xC3	; 195
     f9e:	f8 4c       	sbci	r31, 0xC8	; 200
     fa0:	20 81       	ld	r18, Z
     fa2:	22 50       	subi	r18, 0x02	; 2
     fa4:	22 30       	cpi	r18, 0x02	; 2
     fa6:	08 f4       	brcc	.+2      	; 0xfaa <update_voices_from_keybuff+0x240>
     fa8:	50 c0       	rjmp	.+160    	; 0x104a <update_voices_from_keybuff+0x2e0>
		if(!voices[v].seen_this_block && voices[v].hold_ticks > 0){
     faa:	ac 01       	movw	r20, r24
     fac:	44 0f       	add	r20, r20
     fae:	55 1f       	adc	r21, r21
     fb0:	fa 01       	movw	r30, r20
     fb2:	ee 0f       	add	r30, r30
     fb4:	ff 1f       	adc	r31, r31
     fb6:	ee 0f       	add	r30, r30
     fb8:	ff 1f       	adc	r31, r31
     fba:	ee 0f       	add	r30, r30
     fbc:	ff 1f       	adc	r31, r31
     fbe:	e4 1b       	sub	r30, r20
     fc0:	f5 0b       	sbc	r31, r21
     fc2:	e3 5c       	subi	r30, 0xC3	; 195
     fc4:	f8 4c       	sbci	r31, 0xC8	; 200
     fc6:	24 85       	ldd	r18, Z+12	; 0x0c
     fc8:	21 11       	cpse	r18, r1
     fca:	1f c0       	rjmp	.+62     	; 0x100a <update_voices_from_keybuff+0x2a0>
     fcc:	ac 01       	movw	r20, r24
     fce:	44 0f       	add	r20, r20
     fd0:	55 1f       	adc	r21, r21
     fd2:	fa 01       	movw	r30, r20
     fd4:	ee 0f       	add	r30, r30
     fd6:	ff 1f       	adc	r31, r31
     fd8:	ee 0f       	add	r30, r30
     fda:	ff 1f       	adc	r31, r31
     fdc:	ee 0f       	add	r30, r30
     fde:	ff 1f       	adc	r31, r31
     fe0:	e4 1b       	sub	r30, r20
     fe2:	f5 0b       	sbc	r31, r21
     fe4:	e3 5c       	subi	r30, 0xC3	; 195
     fe6:	f8 4c       	sbci	r31, 0xC8	; 200
     fe8:	25 85       	ldd	r18, Z+13	; 0x0d
     fea:	22 23       	and	r18, r18
     fec:	71 f0       	breq	.+28     	; 0x100a <update_voices_from_keybuff+0x2a0>
			voices[v].hold_ticks -= 1; // decrement hold
     fee:	fa 01       	movw	r30, r20
     ff0:	ee 0f       	add	r30, r30
     ff2:	ff 1f       	adc	r31, r31
     ff4:	ee 0f       	add	r30, r30
     ff6:	ff 1f       	adc	r31, r31
     ff8:	ee 0f       	add	r30, r30
     ffa:	ff 1f       	adc	r31, r31
     ffc:	e4 1b       	sub	r30, r20
     ffe:	f5 0b       	sbc	r31, r21
    1000:	e3 5c       	subi	r30, 0xC3	; 195
    1002:	f8 4c       	sbci	r31, 0xC8	; 200
    1004:	21 50       	subi	r18, 0x01	; 1
    1006:	25 87       	std	Z+13, r18	; 0x0d
    1008:	20 c0       	rjmp	.+64     	; 0x104a <update_voices_from_keybuff+0x2e0>
		}
		else if (voices[v].hold_ticks == 0)
    100a:	ac 01       	movw	r20, r24
    100c:	44 0f       	add	r20, r20
    100e:	55 1f       	adc	r21, r21
    1010:	fa 01       	movw	r30, r20
    1012:	ee 0f       	add	r30, r30
    1014:	ff 1f       	adc	r31, r31
    1016:	ee 0f       	add	r30, r30
    1018:	ff 1f       	adc	r31, r31
    101a:	ee 0f       	add	r30, r30
    101c:	ff 1f       	adc	r31, r31
    101e:	e4 1b       	sub	r30, r20
    1020:	f5 0b       	sbc	r31, r21
    1022:	e3 5c       	subi	r30, 0xC3	; 195
    1024:	f8 4c       	sbci	r31, 0xC8	; 200
    1026:	25 85       	ldd	r18, Z+13	; 0x0d
    1028:	21 11       	cpse	r18, r1
    102a:	0f c0       	rjmp	.+30     	; 0x104a <update_voices_from_keybuff+0x2e0>
		{
			voices[v].env_state	= RELEASE;
    102c:	fa 01       	movw	r30, r20
    102e:	ee 0f       	add	r30, r30
    1030:	ff 1f       	adc	r31, r31
    1032:	ee 0f       	add	r30, r30
    1034:	ff 1f       	adc	r31, r31
    1036:	ee 0f       	add	r30, r30
    1038:	ff 1f       	adc	r31, r31
    103a:	e4 1b       	sub	r30, r20
    103c:	f5 0b       	sbc	r31, r21
    103e:	e3 5c       	subi	r30, 0xC3	; 195
    1040:	f8 4c       	sbci	r31, 0xC8	; 200
    1042:	82 e0       	ldi	r24, 0x02	; 2
    1044:	80 83       	st	Z, r24
			voices[v].env_idx = 0;
    1046:	12 86       	std	Z+10, r1	; 0x0a
    1048:	13 86       	std	Z+11, r1	; 0x0b
		voice->hold_ticks = HOLD_TICKS;
		note_owner[note_id] = chosen; // update note_owner table
	}

	// Transition released keys to RELEASE
	for (uint8_t v = 0; v < N_VOICES; ++v) {
    104a:	3f 5f       	subi	r19, 0xFF	; 255
    104c:	33 30       	cpi	r19, 0x03	; 3
    104e:	08 f4       	brcc	.+2      	; 0x1052 <update_voices_from_keybuff+0x2e8>
    1050:	97 cf       	rjmp	.-210    	; 0xf80 <update_voices_from_keybuff+0x216>
		{
			voices[v].env_state	= RELEASE;
			voices[v].env_idx = 0;
		}
	}
}
    1052:	df 91       	pop	r29
    1054:	cf 91       	pop	r28
    1056:	1f 91       	pop	r17
    1058:	0f 91       	pop	r16
    105a:	08 95       	ret

0000105c <blockfill>:

void blockfill(uint16_t block[]){
    105c:	4f 92       	push	r4
    105e:	5f 92       	push	r5
    1060:	6f 92       	push	r6
    1062:	7f 92       	push	r7
    1064:	8f 92       	push	r8
    1066:	9f 92       	push	r9
    1068:	af 92       	push	r10
    106a:	bf 92       	push	r11
    106c:	cf 92       	push	r12
    106e:	df 92       	push	r13
    1070:	ef 92       	push	r14
    1072:	ff 92       	push	r15
    1074:	0f 93       	push	r16
    1076:	1f 93       	push	r17
    1078:	cf 93       	push	r28
    107a:	df 93       	push	r29
    107c:	7c 01       	movw	r14, r24

	// list all active voices
	n_active = 0;
    107e:	10 92 2e 20 	sts	0x202E, r1	; 0x80202e <n_active>
	for (uint8_t v = 0; v < N_VOICES; ++v) {
    1082:	80 e0       	ldi	r24, 0x00	; 0
    1084:	1d c0       	rjmp	.+58     	; 0x10c0 <blockfill+0x64>
		if (voices[v].env_state != OFF) {
    1086:	28 2f       	mov	r18, r24
    1088:	30 e0       	ldi	r19, 0x00	; 0
    108a:	22 0f       	add	r18, r18
    108c:	33 1f       	adc	r19, r19
    108e:	f9 01       	movw	r30, r18
    1090:	ee 0f       	add	r30, r30
    1092:	ff 1f       	adc	r31, r31
    1094:	ee 0f       	add	r30, r30
    1096:	ff 1f       	adc	r31, r31
    1098:	ee 0f       	add	r30, r30
    109a:	ff 1f       	adc	r31, r31
    109c:	e2 1b       	sub	r30, r18
    109e:	f3 0b       	sbc	r31, r19
    10a0:	e3 5c       	subi	r30, 0xC3	; 195
    10a2:	f8 4c       	sbci	r31, 0xC8	; 200
    10a4:	90 81       	ld	r25, Z
    10a6:	93 30       	cpi	r25, 0x03	; 3
    10a8:	51 f0       	breq	.+20     	; 0x10be <blockfill+0x62>
			active_idx[n_active++] = v;
    10aa:	e0 91 2e 20 	lds	r30, 0x202E	; 0x80202e <n_active>
    10ae:	91 e0       	ldi	r25, 0x01	; 1
    10b0:	9e 0f       	add	r25, r30
    10b2:	90 93 2e 20 	sts	0x202E, r25	; 0x80202e <n_active>
    10b6:	f0 e0       	ldi	r31, 0x00	; 0
    10b8:	e6 52       	subi	r30, 0x26	; 38
    10ba:	fd 4c       	sbci	r31, 0xCD	; 205
    10bc:	80 83       	st	Z, r24

void blockfill(uint16_t block[]){

	// list all active voices
	n_active = 0;
	for (uint8_t v = 0; v < N_VOICES; ++v) {
    10be:	8f 5f       	subi	r24, 0xFF	; 255
    10c0:	83 30       	cpi	r24, 0x03	; 3
    10c2:	08 f3       	brcs	.-62     	; 0x1086 <blockfill+0x2a>
		if (voices[v].env_state != OFF) {
			active_idx[n_active++] = v;
		}
	}

	if (n_active == 0) {
    10c4:	e0 91 2e 20 	lds	r30, 0x202E	; 0x80202e <n_active>
    10c8:	ee 23       	and	r30, r30
    10ca:	61 f0       	breq	.+24     	; 0x10e4 <blockfill+0x88>
    10cc:	12 c0       	rjmp	.+36     	; 0x10f2 <blockfill+0x96>
        for (uint16_t i = 0; i < BLOCK_SIZE; ++i) {
            block[i] = DAC_OFFSET;
    10ce:	fc 01       	movw	r30, r24
    10d0:	ee 0f       	add	r30, r30
    10d2:	ff 1f       	adc	r31, r31
    10d4:	ee 0d       	add	r30, r14
    10d6:	ff 1d       	adc	r31, r15
    10d8:	20 e0       	ldi	r18, 0x00	; 0
    10da:	38 e0       	ldi	r19, 0x08	; 8
    10dc:	20 83       	st	Z, r18
    10de:	31 83       	std	Z+1, r19	; 0x01
			active_idx[n_active++] = v;
		}
	}

	if (n_active == 0) {
        for (uint16_t i = 0; i < BLOCK_SIZE; ++i) {
    10e0:	01 96       	adiw	r24, 0x01	; 1
    10e2:	02 c0       	rjmp	.+4      	; 0x10e8 <blockfill+0x8c>
    10e4:	80 e0       	ldi	r24, 0x00	; 0
    10e6:	90 e0       	ldi	r25, 0x00	; 0
    10e8:	8f 3f       	cpi	r24, 0xFF	; 255
    10ea:	91 05       	cpc	r25, r1
    10ec:	81 f3       	breq	.-32     	; 0x10ce <blockfill+0x72>
    10ee:	78 f3       	brcs	.-34     	; 0x10ce <blockfill+0x72>
    10f0:	25 c1       	rjmp	.+586    	; 0x133c <blockfill+0x2e0>
            block[i] = DAC_OFFSET;
        }
        return;
    }

	const int16_t *wave = waves[cwave];
    10f2:	a0 91 31 20 	lds	r26, 0x2031	; 0x802031 <cwave>
    10f6:	b0 e0       	ldi	r27, 0x00	; 0
    10f8:	aa 0f       	add	r26, r26
    10fa:	bb 1f       	adc	r27, r27
    10fc:	aa 5e       	subi	r26, 0xEA	; 234
    10fe:	bf 4d       	sbci	r27, 0xDF	; 223
    1100:	cd 91       	ld	r28, X+
    1102:	dc 91       	ld	r29, X
	int16_t recip = recip_table[n_active];
    1104:	f0 e0       	ldi	r31, 0x00	; 0
    1106:	ee 0f       	add	r30, r30
    1108:	ff 1f       	adc	r31, r31
    110a:	ec 5f       	subi	r30, 0xFC	; 252
    110c:	ff 4d       	sbci	r31, 0xDF	; 223
    110e:	c0 80       	ld	r12, Z
    1110:	d1 80       	ldd	r13, Z+1	; 0x01

	for (uint16_t i = 0; i < BLOCK_SIZE; ++i) {
    1112:	00 e0       	ldi	r16, 0x00	; 0
    1114:	10 e0       	ldi	r17, 0x00	; 0
    1116:	0e c1       	rjmp	.+540    	; 0x1334 <blockfill+0x2d8>
		int32_t mix = 0;
		for (uint8_t k = 0; k < n_active; ++k) {
			Voice *voice = &voices[active_idx[k]];
    1118:	e3 2f       	mov	r30, r19
    111a:	f0 e0       	ldi	r31, 0x00	; 0
    111c:	e6 52       	subi	r30, 0x26	; 38
    111e:	fd 4c       	sbci	r31, 0xCD	; 205
    1120:	80 81       	ld	r24, Z
    1122:	90 e0       	ldi	r25, 0x00	; 0
			uint16_t gain;

			switch (voice->env_state) {
    1124:	ac 01       	movw	r20, r24
    1126:	44 0f       	add	r20, r20
    1128:	55 1f       	adc	r21, r21
    112a:	fa 01       	movw	r30, r20
    112c:	ee 0f       	add	r30, r30
    112e:	ff 1f       	adc	r31, r31
    1130:	ee 0f       	add	r30, r30
    1132:	ff 1f       	adc	r31, r31
    1134:	ee 0f       	add	r30, r30
    1136:	ff 1f       	adc	r31, r31
    1138:	e4 1b       	sub	r30, r20
    113a:	f5 0b       	sbc	r31, r21
    113c:	e3 5c       	subi	r30, 0xC3	; 195
    113e:	f8 4c       	sbci	r31, 0xC8	; 200
    1140:	20 81       	ld	r18, Z
    1142:	21 30       	cpi	r18, 0x01	; 1
    1144:	09 f4       	brne	.+2      	; 0x1148 <blockfill+0xec>
    1146:	6b c0       	rjmp	.+214    	; 0x121e <blockfill+0x1c2>
    1148:	d0 f1       	brcs	.+116    	; 0x11be <blockfill+0x162>
    114a:	22 30       	cpi	r18, 0x02	; 2
    114c:	09 f0       	breq	.+2      	; 0x1150 <blockfill+0xf4>
    114e:	c1 c0       	rjmp	.+386    	; 0x12d2 <blockfill+0x276>
			case SUSTAIN: gain = SUSTAIN_INIT; break;
			case RELEASE:
				gain = rel_lut[voice->env_idx];
    1150:	ac 01       	movw	r20, r24
    1152:	44 0f       	add	r20, r20
    1154:	55 1f       	adc	r21, r21
    1156:	fa 01       	movw	r30, r20
    1158:	ee 0f       	add	r30, r30
    115a:	ff 1f       	adc	r31, r31
    115c:	ee 0f       	add	r30, r30
    115e:	ff 1f       	adc	r31, r31
    1160:	ee 0f       	add	r30, r30
    1162:	ff 1f       	adc	r31, r31
    1164:	e4 1b       	sub	r30, r20
    1166:	f5 0b       	sbc	r31, r21
    1168:	e3 5c       	subi	r30, 0xC3	; 195
    116a:	f8 4c       	sbci	r31, 0xC8	; 200
    116c:	62 85       	ldd	r22, Z+10	; 0x0a
    116e:	73 85       	ldd	r23, Z+11	; 0x0b
    1170:	db 01       	movw	r26, r22
    1172:	aa 0f       	add	r26, r26
    1174:	bb 1f       	adc	r27, r27
    1176:	a3 5c       	subi	r26, 0xC3	; 195
    1178:	bb 4c       	sbci	r27, 0xCB	; 203
    117a:	4d 91       	ld	r20, X+
    117c:	5c 91       	ld	r21, X
				if (++voice->env_idx >= REL_LEN) {
    117e:	6f 5f       	subi	r22, 0xFF	; 255
    1180:	7f 4f       	sbci	r23, 0xFF	; 255
    1182:	62 87       	std	Z+10, r22	; 0x0a
    1184:	73 87       	std	Z+11, r23	; 0x0b
    1186:	6f 3f       	cpi	r22, 0xFF	; 255
    1188:	71 05       	cpc	r23, r1
    118a:	09 f0       	breq	.+2      	; 0x118e <blockfill+0x132>
    118c:	08 f4       	brcc	.+2      	; 0x1190 <blockfill+0x134>
    118e:	49 c0       	rjmp	.+146    	; 0x1222 <blockfill+0x1c6>
					note_owner[voice->note_id] = -1;
    1190:	bc 01       	movw	r22, r24
    1192:	66 0f       	add	r22, r22
    1194:	77 1f       	adc	r23, r23
    1196:	fb 01       	movw	r30, r22
    1198:	ee 0f       	add	r30, r30
    119a:	ff 1f       	adc	r31, r31
    119c:	ee 0f       	add	r30, r30
    119e:	ff 1f       	adc	r31, r31
    11a0:	ee 0f       	add	r30, r30
    11a2:	ff 1f       	adc	r31, r31
    11a4:	e6 1b       	sub	r30, r22
    11a6:	f7 0b       	sbc	r31, r23
    11a8:	e3 5c       	subi	r30, 0xC3	; 195
    11aa:	f8 4c       	sbci	r31, 0xC8	; 200
    11ac:	a1 81       	ldd	r26, Z+1	; 0x01
    11ae:	b0 e0       	ldi	r27, 0x00	; 0
    11b0:	ac 5c       	subi	r26, 0xCC	; 204
    11b2:	bf 4d       	sbci	r27, 0xDF	; 223
    11b4:	2f ef       	ldi	r18, 0xFF	; 255
    11b6:	2c 93       	st	X, r18
					voice->env_state = OFF;
    11b8:	23 e0       	ldi	r18, 0x03	; 3
    11ba:	20 83       	st	Z, r18
    11bc:	32 c0       	rjmp	.+100    	; 0x1222 <blockfill+0x1c6>
					}
				break;
			case AD:
				gain = ad_lut[voice->env_idx];
    11be:	ac 01       	movw	r20, r24
    11c0:	44 0f       	add	r20, r20
    11c2:	55 1f       	adc	r21, r21
    11c4:	fa 01       	movw	r30, r20
    11c6:	ee 0f       	add	r30, r30
    11c8:	ff 1f       	adc	r31, r31
    11ca:	ee 0f       	add	r30, r30
    11cc:	ff 1f       	adc	r31, r31
    11ce:	ee 0f       	add	r30, r30
    11d0:	ff 1f       	adc	r31, r31
    11d2:	e4 1b       	sub	r30, r20
    11d4:	f5 0b       	sbc	r31, r21
    11d6:	e3 5c       	subi	r30, 0xC3	; 195
    11d8:	f8 4c       	sbci	r31, 0xC8	; 200
    11da:	62 85       	ldd	r22, Z+10	; 0x0a
    11dc:	73 85       	ldd	r23, Z+11	; 0x0b
    11de:	db 01       	movw	r26, r22
    11e0:	aa 0f       	add	r26, r26
    11e2:	bb 1f       	adc	r27, r27
    11e4:	a3 54       	subi	r26, 0x43	; 67
    11e6:	b9 4c       	sbci	r27, 0xC9	; 201
    11e8:	4d 91       	ld	r20, X+
    11ea:	5c 91       	ld	r21, X
				if (++voice->env_idx >= AD_LEN) {
    11ec:	6f 5f       	subi	r22, 0xFF	; 255
    11ee:	7f 4f       	sbci	r23, 0xFF	; 255
    11f0:	62 87       	std	Z+10, r22	; 0x0a
    11f2:	73 87       	std	Z+11, r23	; 0x0b
    11f4:	60 34       	cpi	r22, 0x40	; 64
    11f6:	71 05       	cpc	r23, r1
    11f8:	a0 f0       	brcs	.+40     	; 0x1222 <blockfill+0x1c6>
					voice->env_state = SUSTAIN;
    11fa:	fc 01       	movw	r30, r24
    11fc:	ee 0f       	add	r30, r30
    11fe:	ff 1f       	adc	r31, r31
    1200:	bf 01       	movw	r22, r30
    1202:	66 0f       	add	r22, r22
    1204:	77 1f       	adc	r23, r23
    1206:	66 0f       	add	r22, r22
    1208:	77 1f       	adc	r23, r23
    120a:	66 0f       	add	r22, r22
    120c:	77 1f       	adc	r23, r23
    120e:	6e 1b       	sub	r22, r30
    1210:	7f 0b       	sbc	r23, r31
    1212:	fb 01       	movw	r30, r22
    1214:	e3 5c       	subi	r30, 0xC3	; 195
    1216:	f8 4c       	sbci	r31, 0xC8	; 200
    1218:	21 e0       	ldi	r18, 0x01	; 1
    121a:	20 83       	st	Z, r18
    121c:	02 c0       	rjmp	.+4      	; 0x1222 <blockfill+0x1c6>
		for (uint8_t k = 0; k < n_active; ++k) {
			Voice *voice = &voices[active_idx[k]];
			uint16_t gain;

			switch (voice->env_state) {
			case SUSTAIN: gain = SUSTAIN_INIT; break;
    121e:	4c ed       	ldi	r20, 0xDC	; 220
    1220:	55 e0       	ldi	r21, 0x05	; 5
			default:
				continue;
			}

			// Oscillator step
			voice->phase += voice->step;
    1222:	88 0f       	add	r24, r24
    1224:	99 1f       	adc	r25, r25
    1226:	fc 01       	movw	r30, r24
    1228:	ee 0f       	add	r30, r30
    122a:	ff 1f       	adc	r31, r31
    122c:	ee 0f       	add	r30, r30
    122e:	ff 1f       	adc	r31, r31
    1230:	ee 0f       	add	r30, r30
    1232:	ff 1f       	adc	r31, r31
    1234:	e8 1b       	sub	r30, r24
    1236:	f9 0b       	sbc	r31, r25
    1238:	e3 5c       	subi	r30, 0xC3	; 195
    123a:	f8 4c       	sbci	r31, 0xC8	; 200
    123c:	46 80       	ldd	r4, Z+6	; 0x06
    123e:	57 80       	ldd	r5, Z+7	; 0x07
    1240:	60 84       	ldd	r6, Z+8	; 0x08
    1242:	71 84       	ldd	r7, Z+9	; 0x09
    1244:	82 81       	ldd	r24, Z+2	; 0x02
    1246:	93 81       	ldd	r25, Z+3	; 0x03
    1248:	a4 81       	ldd	r26, Z+4	; 0x04
    124a:	b5 81       	ldd	r27, Z+5	; 0x05
    124c:	84 0d       	add	r24, r4
    124e:	95 1d       	adc	r25, r5
    1250:	a6 1d       	adc	r26, r6
    1252:	b7 1d       	adc	r27, r7
    1254:	82 83       	std	Z+2, r24	; 0x02
    1256:	93 83       	std	Z+3, r25	; 0x03
    1258:	a4 83       	std	Z+4, r26	; 0x04
    125a:	b5 83       	std	Z+5, r27	; 0x05
			uint8_t index = (uint8_t)((voice->phase >> PHASE_SHIFT));
			int16_t s = (int16_t)pgm_read_word(&wave[index]);
    125c:	eb 2f       	mov	r30, r27
    125e:	f0 e0       	ldi	r31, 0x00	; 0
    1260:	ee 0f       	add	r30, r30
    1262:	ff 1f       	adc	r31, r31
    1264:	ec 0f       	add	r30, r28
    1266:	fd 1f       	adc	r31, r29
    1268:	85 91       	lpm	r24, Z+
    126a:	94 91       	lpm	r25, Z
    126c:	bc 01       	movw	r22, r24
//----------------------------inine ASM primitives----------------------------------
inline int32_t fmul16x16_shift10(int16_t scaled, uint16_t gain){
	uint32_t result;
	uint8_t neg;

	if (scaled < 0) {
    126e:	99 23       	and	r25, r25
    1270:	34 f4       	brge	.+12     	; 0x127e <blockfill+0x222>
		scaled = (uint16_t)(-scaled);
    1272:	66 27       	eor	r22, r22
    1274:	77 27       	eor	r23, r23
    1276:	68 1b       	sub	r22, r24
    1278:	79 0b       	sbc	r23, r25
		neg = 1;
    127a:	21 e0       	ldi	r18, 0x01	; 1
    127c:	01 c0       	rjmp	.+2      	; 0x1280 <blockfill+0x224>
		} else {
		scaled = (uint16_t)scaled;
		neg = 0;
    127e:	20 e0       	ldi	r18, 0x00	; 0
	// with inline ASM and one output, %1 is scaled, %2 is gain.
	// %A1 is scaled low byte, %B1 scaled high byte
	// %A2 is gain low byte, %B2 gain high byte
	// %A0 %B0 %C0 %D0 are the result bytes, in ascending order by significance

	asm volatile (
    1280:	64 9f       	mul	r22, r20
    1282:	80 2d       	mov	r24, r0
    1284:	91 2d       	mov	r25, r1
    1286:	aa 27       	eor	r26, r26
    1288:	bb 27       	eor	r27, r27
    128a:	65 9f       	mul	r22, r21
    128c:	90 0d       	add	r25, r0
    128e:	a1 1d       	adc	r26, r1
    1290:	74 9f       	mul	r23, r20
    1292:	90 0d       	add	r25, r0
    1294:	a1 1d       	adc	r26, r1
    1296:	11 24       	eor	r1, r1
    1298:	b1 1d       	adc	r27, r1
    129a:	75 9f       	mul	r23, r21
    129c:	a0 0d       	add	r26, r0
    129e:	b1 1d       	adc	r27, r1
    12a0:	89 2f       	mov	r24, r25
    12a2:	9a 2f       	mov	r25, r26
    12a4:	ab 2f       	mov	r26, r27
    12a6:	bb 27       	eor	r27, r27
    12a8:	a7 95       	ror	r26
    12aa:	97 95       	ror	r25
    12ac:	87 95       	ror	r24
    12ae:	88 94       	clc
    12b0:	a7 95       	ror	r26
    12b2:	97 95       	ror	r25
    12b4:	87 95       	ror	r24
    12b6:	11 24       	eor	r1, r1
	: "=&r"(result) // outputs
	: "r"((uint16_t)scaled), "r"(gain) // inputs
	: "r0", "r1", "cc" // clobbers
	); // 32 cycles total by my count

	return neg ? -(int32_t)result : (int32_t)result;
    12b8:	22 23       	and	r18, r18
    12ba:	39 f0       	breq	.+14     	; 0x12ca <blockfill+0x26e>
    12bc:	b0 95       	com	r27
    12be:	a0 95       	com	r26
    12c0:	90 95       	com	r25
    12c2:	81 95       	neg	r24
    12c4:	9f 4f       	sbci	r25, 0xFF	; 255
    12c6:	af 4f       	sbci	r26, 0xFF	; 255
    12c8:	bf 4f       	sbci	r27, 0xFF	; 255
			voice->phase += voice->step;
			uint8_t index = (uint8_t)((voice->phase >> PHASE_SHIFT));
			int16_t s = (int16_t)pgm_read_word(&wave[index]);

			int32_t scaled = fmul16x16_shift10(s,gain);
			mix += (int32_t)scaled;
    12ca:	88 0e       	add	r8, r24
    12cc:	99 1e       	adc	r9, r25
    12ce:	aa 1e       	adc	r10, r26
    12d0:	bb 1e       	adc	r11, r27
	const int16_t *wave = waves[cwave];
	int16_t recip = recip_table[n_active];

	for (uint16_t i = 0; i < BLOCK_SIZE; ++i) {
		int32_t mix = 0;
		for (uint8_t k = 0; k < n_active; ++k) {
    12d2:	3f 5f       	subi	r19, 0xFF	; 255
    12d4:	04 c0       	rjmp	.+8      	; 0x12de <blockfill+0x282>
    12d6:	30 e0       	ldi	r19, 0x00	; 0
    12d8:	81 2c       	mov	r8, r1
    12da:	91 2c       	mov	r9, r1
    12dc:	54 01       	movw	r10, r8
    12de:	80 91 2e 20 	lds	r24, 0x202E	; 0x80202e <n_active>
    12e2:	38 17       	cp	r19, r24
    12e4:	08 f4       	brcc	.+2      	; 0x12e8 <blockfill+0x28c>
    12e6:	18 cf       	rjmp	.-464    	; 0x1118 <blockfill+0xbc>
			int32_t scaled = fmul16x16_shift10(s,gain);
			mix += (int32_t)scaled;
		}


        mix = (int32_t)((mix * recip) >> DIV_APPROX_SHIFT); // approximate average
    12e8:	d6 01       	movw	r26, r12
    12ea:	a5 01       	movw	r20, r10
    12ec:	94 01       	movw	r18, r8
    12ee:	0e 94 7c 0b 	call	0x16f8	; 0x16f8 <__mulshisi3>
    12f2:	bb 27       	eor	r27, r27
    12f4:	97 fd       	sbrc	r25, 7
    12f6:	ba 95       	dec	r27
    12f8:	a9 2f       	mov	r26, r25
    12fa:	98 2f       	mov	r25, r24
    12fc:	87 2f       	mov	r24, r23

		// clamp to 12-bit DAC range
		int32_t out = mix + DAC_OFFSET; // recenter output about center of voltage range
    12fe:	98 5f       	subi	r25, 0xF8	; 248
    1300:	af 4f       	sbci	r26, 0xFF	; 255
    1302:	bf 4f       	sbci	r27, 0xFF	; 255
		if (out < 0) {
    1304:	bb 23       	and	r27, r27
    1306:	1c f4       	brge	.+6      	; 0x130e <blockfill+0x2b2>
			out = 0;
    1308:	80 e0       	ldi	r24, 0x00	; 0
    130a:	90 e0       	ldi	r25, 0x00	; 0
    130c:	dc 01       	movw	r26, r24
		}
		if (out > 4095) {
    130e:	81 15       	cp	r24, r1
    1310:	20 e1       	ldi	r18, 0x10	; 16
    1312:	92 07       	cpc	r25, r18
    1314:	a1 05       	cpc	r26, r1
    1316:	b1 05       	cpc	r27, r1
    1318:	24 f0       	brlt	.+8      	; 0x1322 <blockfill+0x2c6>
			out = 4095;
    131a:	8f ef       	ldi	r24, 0xFF	; 255
    131c:	9f e0       	ldi	r25, 0x0F	; 15
    131e:	a0 e0       	ldi	r26, 0x00	; 0
    1320:	b0 e0       	ldi	r27, 0x00	; 0
		}
		block[i] = (uint16_t)out;
    1322:	f8 01       	movw	r30, r16
    1324:	ee 0f       	add	r30, r30
    1326:	ff 1f       	adc	r31, r31
    1328:	ee 0d       	add	r30, r14
    132a:	ff 1d       	adc	r31, r15
    132c:	80 83       	st	Z, r24
    132e:	91 83       	std	Z+1, r25	; 0x01
    }

	const int16_t *wave = waves[cwave];
	int16_t recip = recip_table[n_active];

	for (uint16_t i = 0; i < BLOCK_SIZE; ++i) {
    1330:	0f 5f       	subi	r16, 0xFF	; 255
    1332:	1f 4f       	sbci	r17, 0xFF	; 255
    1334:	0f 3f       	cpi	r16, 0xFF	; 255
    1336:	11 05       	cpc	r17, r1
    1338:	71 f2       	breq	.-100    	; 0x12d6 <blockfill+0x27a>
    133a:	68 f2       	brcs	.-102    	; 0x12d6 <blockfill+0x27a>
		if (out > 4095) {
			out = 4095;
		}
		block[i] = (uint16_t)out;
	}
}
    133c:	df 91       	pop	r29
    133e:	cf 91       	pop	r28
    1340:	1f 91       	pop	r17
    1342:	0f 91       	pop	r16
    1344:	ff 90       	pop	r15
    1346:	ef 90       	pop	r14
    1348:	df 90       	pop	r13
    134a:	cf 90       	pop	r12
    134c:	bf 90       	pop	r11
    134e:	af 90       	pop	r10
    1350:	9f 90       	pop	r9
    1352:	8f 90       	pop	r8
    1354:	7f 90       	pop	r7
    1356:	6f 90       	pop	r6
    1358:	5f 90       	pop	r5
    135a:	4f 90       	pop	r4
    135c:	08 95       	ret

0000135e <init_envelopes>:

//----------------------------Synthesizer initialization----------------------------------
void init_envelopes(void){
    135e:	cf 92       	push	r12
    1360:	df 92       	push	r13
    1362:	ef 92       	push	r14
    1364:	ff 92       	push	r15
    1366:	cf 93       	push	r28
    1368:	df 93       	push	r29
	const uint16_t peak = peak_gain;
    136a:	e0 90 02 20 	lds	r14, 0x2002	; 0x802002 <peak_gain>
    136e:	f0 90 03 20 	lds	r15, 0x2003	; 0x802003 <peak_gain+0x1>

	for (uint16_t i = 0; i < AD_LEN; ++i) {
    1372:	c0 e0       	ldi	r28, 0x00	; 0
    1374:	d0 e0       	ldi	r29, 0x00	; 0
    1376:	31 c0       	rjmp	.+98     	; 0x13da <init_envelopes+0x7c>
		if (i < ATTACK_LEN) {
    1378:	c0 31       	cpi	r28, 0x10	; 16
    137a:	d1 05       	cpc	r29, r1
    137c:	b0 f4       	brcc	.+44     	; 0x13aa <init_envelopes+0x4c>
			ad_lut[i] = (uint16_t) (((uint32_t)peak * i) / (ATTACK_LEN));
    137e:	97 01       	movw	r18, r14
    1380:	de 01       	movw	r26, r28
    1382:	0e 94 62 0b 	call	0x16c4	; 0x16c4 <__umulhisi3>
    1386:	dc 01       	movw	r26, r24
    1388:	cb 01       	movw	r24, r22
    138a:	68 94       	set
    138c:	13 f8       	bld	r1, 3
    138e:	b6 95       	lsr	r27
    1390:	a7 95       	ror	r26
    1392:	97 95       	ror	r25
    1394:	87 95       	ror	r24
    1396:	16 94       	lsr	r1
    1398:	d1 f7       	brne	.-12     	; 0x138e <init_envelopes+0x30>
    139a:	fe 01       	movw	r30, r28
    139c:	ee 0f       	add	r30, r30
    139e:	ff 1f       	adc	r31, r31
    13a0:	e3 54       	subi	r30, 0x43	; 67
    13a2:	f9 4c       	sbci	r31, 0xC9	; 201
    13a4:	80 83       	st	Z, r24
    13a6:	91 83       	std	Z+1, r25	; 0x01
    13a8:	17 c0       	rjmp	.+46     	; 0x13d8 <init_envelopes+0x7a>
		}
		else {
			uint16_t j = i - ATTACK_LEN;
			if (DECAY_LEN > 0) {
				ad_lut[i] = (uint16_t)(peak - ((uint32_t)(peak - SUSTAIN_INIT) * j)/(DECAY_LEN));
    13aa:	97 01       	movw	r18, r14
    13ac:	2c 5d       	subi	r18, 0xDC	; 220
    13ae:	35 40       	sbci	r19, 0x05	; 5
    13b0:	de 01       	movw	r26, r28
    13b2:	50 97       	sbiw	r26, 0x10	; 16
    13b4:	0e 94 62 0b 	call	0x16c4	; 0x16c4 <__umulhisi3>
    13b8:	20 e3       	ldi	r18, 0x30	; 48
    13ba:	30 e0       	ldi	r19, 0x00	; 0
    13bc:	40 e0       	ldi	r20, 0x00	; 0
    13be:	50 e0       	ldi	r21, 0x00	; 0
    13c0:	0e 94 37 0b 	call	0x166e	; 0x166e <__udivmodsi4>
    13c4:	c7 01       	movw	r24, r14
    13c6:	82 1b       	sub	r24, r18
    13c8:	93 0b       	sbc	r25, r19
    13ca:	fe 01       	movw	r30, r28
    13cc:	ee 0f       	add	r30, r30
    13ce:	ff 1f       	adc	r31, r31
    13d0:	e3 54       	subi	r30, 0x43	; 67
    13d2:	f9 4c       	sbci	r31, 0xC9	; 201
    13d4:	80 83       	st	Z, r24
    13d6:	91 83       	std	Z+1, r25	; 0x01

//----------------------------Synthesizer initialization----------------------------------
void init_envelopes(void){
	const uint16_t peak = peak_gain;

	for (uint16_t i = 0; i < AD_LEN; ++i) {
    13d8:	21 96       	adiw	r28, 0x01	; 1
    13da:	c0 34       	cpi	r28, 0x40	; 64
    13dc:	d1 05       	cpc	r29, r1
    13de:	60 f2       	brcs	.-104    	; 0x1378 <init_envelopes+0x1a>
    13e0:	e0 e0       	ldi	r30, 0x00	; 0
    13e2:	f0 e0       	ldi	r31, 0x00	; 0
    13e4:	20 e0       	ldi	r18, 0x00	; 0
    13e6:	3c ed       	ldi	r19, 0xDC	; 220
    13e8:	45 e0       	ldi	r20, 0x05	; 5
    13ea:	50 e0       	ldi	r21, 0x00	; 0
    13ec:	14 c0       	rjmp	.+40     	; 0x1416 <init_envelopes+0xb8>
		}
	}

	uint32_t level = LEVEL_INIT;
	for (uint16_t i = 0; i < REL_LEN; ++i) {
		rel_lut[i] = (uint16_t)(level >> 8); // convert back to integer
    13ee:	c3 2e       	mov	r12, r19
    13f0:	d4 2e       	mov	r13, r20
    13f2:	e5 2e       	mov	r14, r21
    13f4:	ff 24       	eor	r15, r15
    13f6:	df 01       	movw	r26, r30
    13f8:	aa 0f       	add	r26, r26
    13fa:	bb 1f       	adc	r27, r27
    13fc:	a3 5c       	subi	r26, 0xC3	; 195
    13fe:	bb 4c       	sbci	r27, 0xCB	; 203
    1400:	cd 92       	st	X+, r12
    1402:	dc 92       	st	X, r13
		level = (level * ALPHA_MUL) >> DIV_APPROX_SHIFT;
    1404:	aa ef       	ldi	r26, 0xFA	; 250
    1406:	b0 e0       	ldi	r27, 0x00	; 0
    1408:	0e 94 71 0b 	call	0x16e2	; 0x16e2 <__muluhisi3>
    140c:	27 2f       	mov	r18, r23
    140e:	38 2f       	mov	r19, r24
    1410:	49 2f       	mov	r20, r25
    1412:	55 27       	eor	r21, r21
			}
		}
	}

	uint32_t level = LEVEL_INIT;
	for (uint16_t i = 0; i < REL_LEN; ++i) {
    1414:	31 96       	adiw	r30, 0x01	; 1
    1416:	ef 3f       	cpi	r30, 0xFF	; 255
    1418:	f1 05       	cpc	r31, r1
    141a:	49 f3       	breq	.-46     	; 0x13ee <init_envelopes+0x90>
    141c:	40 f3       	brcs	.-48     	; 0x13ee <init_envelopes+0x90>
		rel_lut[i] = (uint16_t)(level >> 8); // convert back to integer
		level = (level * ALPHA_MUL) >> DIV_APPROX_SHIFT;
	}
}
    141e:	df 91       	pop	r29
    1420:	cf 91       	pop	r28
    1422:	ff 90       	pop	r15
    1424:	ef 90       	pop	r14
    1426:	df 90       	pop	r13
    1428:	cf 90       	pop	r12
    142a:	08 95       	ret

0000142c <main>:
void init_envelopes(void);
inline int32_t fmul16x16_shift10(int16_t scaled, uint16_t gain);

int main(void)
{
	init_clk();
    142c:	0e 94 f9 03 	call	0x7f2	; 0x7f2 <init_clk>
	init_dac();
    1430:	0e 94 1e 04 	call	0x83c	; 0x83c <init_dac>
	init_envelopes();
    1434:	0e 94 af 09 	call	0x135e	; 0x135e <init_envelopes>
		level = (level * ALPHA_MUL) >> DIV_APPROX_SHIFT;
	}
}

inline void init_freq_lut(void){
	for(int i = 0; i < NOTE_LUT_LEN; i++){
    1438:	c0 e0       	ldi	r28, 0x00	; 0
    143a:	d0 e0       	ldi	r29, 0x00	; 0
    143c:	2e c0       	rjmp	.+92     	; 0x149a <main+0x6e>
		uint16_t f = (uint16_t)pgm_read_word(&note_lut[i]);
    143e:	fe 01       	movw	r30, r28
    1440:	ee 0f       	add	r30, r30
    1442:	ff 1f       	adc	r31, r31
    1444:	ee 50       	subi	r30, 0x0E	; 14
    1446:	fd 4f       	sbci	r31, 0xFD	; 253
    1448:	45 91       	lpm	r20, Z+
    144a:	54 91       	lpm	r21, Z
		freq_lut[i] = (uint32_t)(((uint64_t)f << PHASE_BITS) / FS_REAL); // step = (f * 2^PHASE_BITS) / Fs.
    144c:	4a 01       	movw	r8, r20
    144e:	24 2f       	mov	r18, r20
    1450:	39 2d       	mov	r19, r9
    1452:	40 e0       	ldi	r20, 0x00	; 0
    1454:	50 e0       	ldi	r21, 0x00	; 0
    1456:	60 e0       	ldi	r22, 0x00	; 0
    1458:	70 e0       	ldi	r23, 0x00	; 0
    145a:	80 e0       	ldi	r24, 0x00	; 0
    145c:	90 e0       	ldi	r25, 0x00	; 0
    145e:	00 e2       	ldi	r16, 0x20	; 32
    1460:	0e 94 e3 0b 	call	0x17c6	; 0x17c6 <__ashldi3>
    1464:	68 94       	set
    1466:	aa 24       	eor	r10, r10
    1468:	a5 f8       	bld	r10, 5
    146a:	0f 2e       	mov	r0, r31
    146c:	fe e4       	ldi	r31, 0x4E	; 78
    146e:	bf 2e       	mov	r11, r31
    1470:	f0 2d       	mov	r31, r0
    1472:	c1 2c       	mov	r12, r1
    1474:	d1 2c       	mov	r13, r1
    1476:	e1 2c       	mov	r14, r1
    1478:	f1 2c       	mov	r15, r1
    147a:	00 e0       	ldi	r16, 0x00	; 0
    147c:	10 e0       	ldi	r17, 0x00	; 0
    147e:	0e 94 86 0b 	call	0x170c	; 0x170c <__udivdi3>
    1482:	fe 01       	movw	r30, r28
    1484:	ee 0f       	add	r30, r30
    1486:	ff 1f       	adc	r31, r31
    1488:	ee 0f       	add	r30, r30
    148a:	ff 1f       	adc	r31, r31
    148c:	e3 52       	subi	r30, 0x23	; 35
    148e:	fd 4c       	sbci	r31, 0xCD	; 205
    1490:	20 83       	st	Z, r18
    1492:	31 83       	std	Z+1, r19	; 0x01
    1494:	42 83       	std	Z+2, r20	; 0x02
    1496:	53 83       	std	Z+3, r21	; 0x03
		level = (level * ALPHA_MUL) >> DIV_APPROX_SHIFT;
	}
}

inline void init_freq_lut(void){
	for(int i = 0; i < NOTE_LUT_LEN; i++){
    1498:	21 96       	adiw	r28, 0x01	; 1
    149a:	c8 35       	cpi	r28, 0x58	; 88
    149c:	d1 05       	cpc	r29, r1
    149e:	78 f2       	brcs	.-98     	; 0x143e <main+0x12>
{
	init_clk();
	init_dac();
	init_envelopes();
	init_freq_lut();
	init_frame();
    14a0:	0e 94 28 05 	call	0xa50	; 0xa50 <init_frame>

	// initialize voices to OFF
	for (uint8_t v = 0; v < N_VOICES; ++v) {
    14a4:	80 e0       	ldi	r24, 0x00	; 0
    14a6:	1f c0       	rjmp	.+62     	; 0x14e6 <main+0xba>
		voices[v].env_state = OFF;
    14a8:	28 2f       	mov	r18, r24
    14aa:	30 e0       	ldi	r19, 0x00	; 0
    14ac:	22 0f       	add	r18, r18
    14ae:	33 1f       	adc	r19, r19
    14b0:	f9 01       	movw	r30, r18
    14b2:	ee 0f       	add	r30, r30
    14b4:	ff 1f       	adc	r31, r31
    14b6:	ee 0f       	add	r30, r30
    14b8:	ff 1f       	adc	r31, r31
    14ba:	ee 0f       	add	r30, r30
    14bc:	ff 1f       	adc	r31, r31
    14be:	e2 1b       	sub	r30, r18
    14c0:	f3 0b       	sbc	r31, r19
    14c2:	e3 5c       	subi	r30, 0xC3	; 195
    14c4:	f8 4c       	sbci	r31, 0xC8	; 200
    14c6:	93 e0       	ldi	r25, 0x03	; 3
    14c8:	90 83       	st	Z, r25
		voices[v].note_id = 0;
    14ca:	11 82       	std	Z+1, r1	; 0x01
		voices[v].phase = 0;
    14cc:	12 82       	std	Z+2, r1	; 0x02
    14ce:	13 82       	std	Z+3, r1	; 0x03
    14d0:	14 82       	std	Z+4, r1	; 0x04
    14d2:	15 82       	std	Z+5, r1	; 0x05
		voices[v].step = 0;
    14d4:	16 82       	std	Z+6, r1	; 0x06
    14d6:	17 82       	std	Z+7, r1	; 0x07
    14d8:	10 86       	std	Z+8, r1	; 0x08
    14da:	11 86       	std	Z+9, r1	; 0x09
		voices[v].env_idx = 0;
    14dc:	12 86       	std	Z+10, r1	; 0x0a
    14de:	13 86       	std	Z+11, r1	; 0x0b
		voices[v].seen_this_block = 0;
    14e0:	14 86       	std	Z+12, r1	; 0x0c
		voices[v].hold_ticks = 0;
    14e2:	15 86       	std	Z+13, r1	; 0x0d
	init_envelopes();
	init_freq_lut();
	init_frame();

	// initialize voices to OFF
	for (uint8_t v = 0; v < N_VOICES; ++v) {
    14e4:	8f 5f       	subi	r24, 0xFF	; 255
    14e6:	83 30       	cpi	r24, 0x03	; 3
    14e8:	f8 f2       	brcs	.-66     	; 0x14a8 <main+0x7c>
    14ea:	40 e0       	ldi	r20, 0x00	; 0
    14ec:	17 c0       	rjmp	.+46     	; 0x151c <main+0xf0>
	}

	// prefill both pfbuff banks with silence
	for (uint8_t b = 0; b < 2; ++b) {
		for (uint16_t i = 0; i < BLOCK_SIZE; ++i) {
			pfbuff[b][i] = DAC_OFFSET;
    14ee:	e4 2f       	mov	r30, r20
    14f0:	f0 e0       	ldi	r31, 0x00	; 0
    14f2:	fe 2f       	mov	r31, r30
    14f4:	ee 27       	eor	r30, r30
    14f6:	e8 0f       	add	r30, r24
    14f8:	f9 1f       	adc	r31, r25
    14fa:	ee 0f       	add	r30, r30
    14fc:	ff 1f       	adc	r31, r31
    14fe:	e9 59       	subi	r30, 0x99	; 153
    1500:	f8 4c       	sbci	r31, 0xC8	; 200
    1502:	20 e0       	ldi	r18, 0x00	; 0
    1504:	38 e0       	ldi	r19, 0x08	; 8
    1506:	20 83       	st	Z, r18
    1508:	31 83       	std	Z+1, r19	; 0x01
		voices[v].hold_ticks = 0;
	}

	// prefill both pfbuff banks with silence
	for (uint8_t b = 0; b < 2; ++b) {
		for (uint16_t i = 0; i < BLOCK_SIZE; ++i) {
    150a:	01 96       	adiw	r24, 0x01	; 1
    150c:	02 c0       	rjmp	.+4      	; 0x1512 <main+0xe6>
    150e:	80 e0       	ldi	r24, 0x00	; 0
    1510:	90 e0       	ldi	r25, 0x00	; 0
    1512:	8f 3f       	cpi	r24, 0xFF	; 255
    1514:	91 05       	cpc	r25, r1
    1516:	59 f3       	breq	.-42     	; 0x14ee <main+0xc2>
    1518:	50 f3       	brcs	.-44     	; 0x14ee <main+0xc2>
		voices[v].seen_this_block = 0;
		voices[v].hold_ticks = 0;
	}

	// prefill both pfbuff banks with silence
	for (uint8_t b = 0; b < 2; ++b) {
    151a:	4f 5f       	subi	r20, 0xFF	; 255
    151c:	42 30       	cpi	r20, 0x02	; 2
    151e:	b8 f3       	brcs	.-18     	; 0x150e <main+0xe2>
    1520:	80 e0       	ldi	r24, 0x00	; 0
    1522:	06 c0       	rjmp	.+12     	; 0x1530 <main+0x104>
		}
	}

	// Clear key buffer
	for (uint8_t i = 0; i < KEYLEN; ++i) {
		keybuff[i] = 0;
    1524:	e8 2f       	mov	r30, r24
    1526:	f0 e0       	ldi	r31, 0x00	; 0
    1528:	e9 59       	subi	r30, 0x99	; 153
    152a:	f4 4c       	sbci	r31, 0xC4	; 196
    152c:	10 82       	st	Z, r1
			pfbuff[b][i] = DAC_OFFSET;
		}
	}

	// Clear key buffer
	for (uint8_t i = 0; i < KEYLEN; ++i) {
    152e:	8f 5f       	subi	r24, 0xFF	; 255
    1530:	89 30       	cpi	r24, 0x09	; 9
    1532:	c0 f3       	brcs	.-16     	; 0x1524 <main+0xf8>
    1534:	80 e0       	ldi	r24, 0x00	; 0
    1536:	07 c0       	rjmp	.+14     	; 0x1546 <main+0x11a>
		keybuff[i] = 0;
	}

	// initialize ownership table
	for (uint8_t i = 0; i < NOTE_LUT_LEN; ++i) {
		note_owner[i] = -1;
    1538:	e8 2f       	mov	r30, r24
    153a:	f0 e0       	ldi	r31, 0x00	; 0
    153c:	ec 5c       	subi	r30, 0xCC	; 204
    153e:	ff 4d       	sbci	r31, 0xDF	; 223
    1540:	9f ef       	ldi	r25, 0xFF	; 255
    1542:	90 83       	st	Z, r25
	for (uint8_t i = 0; i < KEYLEN; ++i) {
		keybuff[i] = 0;
	}

	// initialize ownership table
	for (uint8_t i = 0; i < NOTE_LUT_LEN; ++i) {
    1544:	8f 5f       	subi	r24, 0xFF	; 255
    1546:	88 35       	cpi	r24, 0x58	; 88
    1548:	b8 f3       	brcs	.-18     	; 0x1538 <main+0x10c>
		note_owner[i] = -1;
	}

	tcc0_init(average_period, TC_WGMODE_NORMAL_gc, TC_CLKSEL_DIV1_gc, 1);
    154a:	21 e0       	ldi	r18, 0x01	; 1
    154c:	41 e0       	ldi	r20, 0x01	; 1
    154e:	60 e0       	ldi	r22, 0x00	; 0
    1550:	80 e4       	ldi	r24, 0x40	; 64
    1552:	96 e0       	ldi	r25, 0x06	; 6
    1554:	0e 94 14 0b 	call	0x1628	; 0x1628 <tcc0_init>
	TCC0.INTFLAGS = TC0_CCAIF_bm | TC0_OVFIF_bm; // Clear flags
    1558:	81 e1       	ldi	r24, 0x11	; 17
    155a:	80 93 0c 08 	sts	0x080C, r24	; 0x80080c <__TEXT_REGION_LENGTH__+0x7de80c>
	init_dma_usart();
    155e:	0e 94 59 04 	call	0x8b2	; 0x8b2 <init_dma_usart>
	init_usart();
    1562:	0e 94 23 0b 	call	0x1646	; 0x1646 <init_usart>
	sei();
    1566:	78 94       	sei
	init_dma_dac();
    1568:	0e 94 2e 04 	call	0x85c	; 0x85c <init_dma_dac>

	// overhead measurements
	PORTC.DIRSET = PIN0_bm | PIN1_bm | PIN2_bm | PIN3_bm | PIN4_bm;
    156c:	e0 e4       	ldi	r30, 0x40	; 64
    156e:	f6 e0       	ldi	r31, 0x06	; 6
    1570:	8f e1       	ldi	r24, 0x1F	; 31
    1572:	81 83       	std	Z+1, r24	; 0x01

	// Pull Power-Down high
	PORTC.DIRSET = PIN7_bm;
    1574:	80 e8       	ldi	r24, 0x80	; 128
    1576:	81 83       	std	Z+1, r24	; 0x01
	PORTC.OUTSET = PIN7_bm;
    1578:	85 83       	std	Z+5, r24	; 0x05

	while (1)
	{
		if((DMA.INTFLAGS & DMA_CH2TRNIF_bm)){
    157a:	80 91 03 01 	lds	r24, 0x0103	; 0x800103 <__TEXT_REGION_LENGTH__+0x7de103>
    157e:	82 ff       	sbrs	r24, 2
    1580:	05 c0       	rjmp	.+10     	; 0x158c <main+0x160>
			scope_busy = 0;
    1582:	10 92 2d 20 	sts	0x202D, r1	; 0x80202d <scope_busy>
			DMA.INTFLAGS = DMA_CH2TRNIF_bm;
    1586:	84 e0       	ldi	r24, 0x04	; 4
    1588:	80 93 03 01 	sts	0x0103, r24	; 0x800103 <__TEXT_REGION_LENGTH__+0x7de103>
		}

		if(fillflag) {
    158c:	80 91 2f 20 	lds	r24, 0x202F	; 0x80202f <fillflag>
    1590:	88 23       	and	r24, r24
    1592:	71 f1       	breq	.+92     	; 0x15f0 <main+0x1c4>
			fillflag = 0;
    1594:	10 92 2f 20 	sts	0x202F, r1	; 0x80202f <fillflag>
			PORTC.OUTSET = PIN0_bm | PIN3_bm;
    1598:	c0 e4       	ldi	r28, 0x40	; 64
    159a:	d6 e0       	ldi	r29, 0x06	; 6
    159c:	89 e0       	ldi	r24, 0x09	; 9
    159e:	8d 83       	std	Y+5, r24	; 0x05
			update_voices_from_keybuff();
    15a0:	0e 94 b5 06 	call	0xd6a	; 0xd6a <update_voices_from_keybuff>
			PORTC.OUTCLR = PIN3_bm;
    15a4:	88 e0       	ldi	r24, 0x08	; 8
    15a6:	8e 83       	std	Y+6, r24	; 0x06

			lock_cbuff = cbuff;
    15a8:	80 91 30 20 	lds	r24, 0x2030	; 0x802030 <cbuff>
    15ac:	80 93 2a 20 	sts	0x202A, r24	; 0x80202a <__data_end>
			PORTC.OUTSET = PIN2_bm;
    15b0:	14 e0       	ldi	r17, 0x04	; 4
    15b2:	1d 83       	std	Y+5, r17	; 0x05
			blockfill(pfbuff[1 ^ lock_cbuff]); // fill next half
    15b4:	90 91 2a 20 	lds	r25, 0x202A	; 0x80202a <__data_end>
    15b8:	81 e0       	ldi	r24, 0x01	; 1
    15ba:	89 27       	eor	r24, r25
    15bc:	90 e0       	ldi	r25, 0x00	; 0
    15be:	98 2f       	mov	r25, r24
    15c0:	88 27       	eor	r24, r24
    15c2:	99 0f       	add	r25, r25
    15c4:	89 59       	subi	r24, 0x99	; 153
    15c6:	98 4c       	sbci	r25, 0xC8	; 200
    15c8:	0e 94 2e 08 	call	0x105c	; 0x105c <blockfill>
			PORTC.OUTCLR = PIN2_bm;
    15cc:	1e 83       	std	Y+6, r17	; 0x06
			if (++scope_block_counter >= SCOPE_FRAME_SKIP) {
    15ce:	80 91 2b 20 	lds	r24, 0x202B	; 0x80202b <scope_block_counter>
    15d2:	8f 5f       	subi	r24, 0xFF	; 255
    15d4:	80 93 2b 20 	sts	0x202B, r24	; 0x80202b <scope_block_counter>
    15d8:	84 30       	cpi	r24, 0x04	; 4
    15da:	38 f0       	brcs	.+14     	; 0x15ea <main+0x1be>
				scope_block_counter = 0;
    15dc:	10 92 2b 20 	sts	0x202B, r1	; 0x80202b <scope_block_counter>
				PORTC.OUTSET = PIN4_bm;
    15e0:	10 e1       	ldi	r17, 0x10	; 16
    15e2:	1d 83       	std	Y+5, r17	; 0x05
				scope_update_wave();   // always build/publish newest frame
    15e4:	0e 94 3c 05 	call	0xa78	; 0xa78 <scope_update_wave>
				PORTC.OUTCLR = PIN4_bm;
    15e8:	1e 83       	std	Y+6, r17	; 0x06
			}
			PORTC.OUTCLR = PIN0_bm;
    15ea:	81 e0       	ldi	r24, 0x01	; 1
    15ec:	80 93 46 06 	sts	0x0646, r24	; 0x800646 <__TEXT_REGION_LENGTH__+0x7de646>
		}

		if (scope_ready && !scope_busy) {
    15f0:	80 91 2c 20 	lds	r24, 0x202C	; 0x80202c <scope_ready>
    15f4:	88 23       	and	r24, r24
    15f6:	09 f2       	breq	.-126    	; 0x157a <main+0x14e>
    15f8:	80 91 2d 20 	lds	r24, 0x202D	; 0x80202d <scope_busy>
    15fc:	81 11       	cpse	r24, r1
    15fe:	bd cf       	rjmp	.-134    	; 0x157a <main+0x14e>
			scope_busy = 1;
    1600:	81 e0       	ldi	r24, 0x01	; 1
    1602:	80 93 2d 20 	sts	0x202D, r24	; 0x80202d <scope_busy>
			scope_ready = 0;
    1606:	10 92 2c 20 	sts	0x202C, r1	; 0x80202c <scope_ready>

			DMA.INTFLAGS = DMA_CH2TRNIF_bm;
    160a:	c0 e0       	ldi	r28, 0x00	; 0
    160c:	d1 e0       	ldi	r29, 0x01	; 1
    160e:	84 e0       	ldi	r24, 0x04	; 4
    1610:	8b 83       	std	Y+3, r24	; 0x03
			DMA.CH2.TRFCNT = SCOPE_FRAME_BYTES;
    1612:	87 e2       	ldi	r24, 0x27	; 39
    1614:	99 e0       	ldi	r25, 0x09	; 9
    1616:	8c ab       	std	Y+52, r24	; 0x34
    1618:	9d ab       	std	Y+53, r25	; 0x35
			set_scope_src_addr(scope_frame_tx);
    161a:	80 91 33 20 	lds	r24, 0x2033	; 0x802033 <scope_frame_tx>
    161e:	0e 94 9a 04 	call	0x934	; 0x934 <set_scope_src_addr>
			DMA.CH2.CTRLA = DMA_CH_ENABLE_bm | DMA_CH_BURSTLEN_1BYTE_gc | DMA_CH_SINGLE_bm;
    1622:	84 e8       	ldi	r24, 0x84	; 132
    1624:	88 ab       	std	Y+48, r24	; 0x30
    1626:	a9 cf       	rjmp	.-174    	; 0x157a <main+0x14e>

00001628 <tcc0_init>:
#include <avr/io.h>
#include <stdint.h>
#include "timer.h"

void tcc0_init(uint16_t period, uint8_t wgmode, uint8_t tc_clksel, uint8_t is_event_source){
	TCC0.CTRLFSET = TC_CMD_RESET_gc; // reset timer before configuration
    1628:	e0 e0       	ldi	r30, 0x00	; 0
    162a:	f8 e0       	ldi	r31, 0x08	; 8
    162c:	3c e0       	ldi	r19, 0x0C	; 12
    162e:	31 87       	std	Z+9, r19	; 0x09
	TCC0.PER = period - 1;
    1630:	01 97       	sbiw	r24, 0x01	; 1
    1632:	86 a3       	std	Z+38, r24	; 0x26
    1634:	97 a3       	std	Z+39, r25	; 0x27
	TCC0.CTRLB = wgmode;
    1636:	61 83       	std	Z+1, r22	; 0x01
	TCC0.CTRLA = tc_clksel;
    1638:	40 83       	st	Z, r20
	if(is_event_source){
    163a:	22 23       	and	r18, r18
    163c:	19 f0       	breq	.+6      	; 0x1644 <tcc0_init+0x1c>
		EVSYS.CH0MUX = EVSYS_CHMUX_TCC0_OVF_gc;
    163e:	80 ec       	ldi	r24, 0xC0	; 192
    1640:	80 93 80 01 	sts	0x0180, r24	; 0x800180 <__TEXT_REGION_LENGTH__+0x7de180>
    1644:	08 95       	ret

00001646 <init_usart>:
#include "common.h"
#include "usart.h"

void init_usart(void){

	PORTD.OUTSET = PIN3_bm;
    1646:	e0 e6       	ldi	r30, 0x60	; 96
    1648:	f6 e0       	ldi	r31, 0x06	; 6
    164a:	88 e0       	ldi	r24, 0x08	; 8
    164c:	85 83       	std	Z+5, r24	; 0x05
	PORTD.DIRSET = PIN3_bm;	// TXD
    164e:	81 83       	std	Z+1, r24	; 0x01
	PORTD.DIRCLR = PIN2_bm;	// RXD
    1650:	84 e0       	ldi	r24, 0x04	; 4
    1652:	82 83       	std	Z+2, r24	; 0x02

	// Maximize baud rate to minimize latency and allow clean output expansion
	USARTD0.BAUDCTRLA = (uint8_t)(1 & 0xFF);
    1654:	e0 ea       	ldi	r30, 0xA0	; 160
    1656:	f9 e0       	ldi	r31, 0x09	; 9
    1658:	81 e0       	ldi	r24, 0x01	; 1
    165a:	86 83       	std	Z+6, r24	; 0x06
	USARTD0.BAUDCTRLB = (uint8_t)(((int8_t)(0 & 0x0F) << USART_BSCALE_gp) | ((1 >> 8) & 0x0F));
    165c:	17 82       	std	Z+7, r1	; 0x07
	USARTD0.CTRLC = USART_CHSIZE_8BIT_gc | USART_PMODE_DISABLED_gc | USART_CMODE_ASYNCHRONOUS_gc;
    165e:	83 e0       	ldi	r24, 0x03	; 3
    1660:	85 83       	std	Z+5, r24	; 0x05

	// Clear received buffer
	(void)USARTD0.DATA;
    1662:	80 81       	ld	r24, Z
	USARTD0.STATUS = USART_TXCIF_bm;
    1664:	80 e4       	ldi	r24, 0x40	; 64
    1666:	81 83       	std	Z+1, r24	; 0x01

	USARTD0.CTRLB = USART_RXEN_bm | USART_TXEN_bm |USART_CLK2X_bm;
    1668:	8c e1       	ldi	r24, 0x1C	; 28
    166a:	84 83       	std	Z+4, r24	; 0x04
    166c:	08 95       	ret

0000166e <__udivmodsi4>:
    166e:	a1 e2       	ldi	r26, 0x21	; 33
    1670:	1a 2e       	mov	r1, r26
    1672:	aa 1b       	sub	r26, r26
    1674:	bb 1b       	sub	r27, r27
    1676:	fd 01       	movw	r30, r26
    1678:	0d c0       	rjmp	.+26     	; 0x1694 <__udivmodsi4_ep>

0000167a <__udivmodsi4_loop>:
    167a:	aa 1f       	adc	r26, r26
    167c:	bb 1f       	adc	r27, r27
    167e:	ee 1f       	adc	r30, r30
    1680:	ff 1f       	adc	r31, r31
    1682:	a2 17       	cp	r26, r18
    1684:	b3 07       	cpc	r27, r19
    1686:	e4 07       	cpc	r30, r20
    1688:	f5 07       	cpc	r31, r21
    168a:	20 f0       	brcs	.+8      	; 0x1694 <__udivmodsi4_ep>
    168c:	a2 1b       	sub	r26, r18
    168e:	b3 0b       	sbc	r27, r19
    1690:	e4 0b       	sbc	r30, r20
    1692:	f5 0b       	sbc	r31, r21

00001694 <__udivmodsi4_ep>:
    1694:	66 1f       	adc	r22, r22
    1696:	77 1f       	adc	r23, r23
    1698:	88 1f       	adc	r24, r24
    169a:	99 1f       	adc	r25, r25
    169c:	1a 94       	dec	r1
    169e:	69 f7       	brne	.-38     	; 0x167a <__udivmodsi4_loop>
    16a0:	60 95       	com	r22
    16a2:	70 95       	com	r23
    16a4:	80 95       	com	r24
    16a6:	90 95       	com	r25
    16a8:	9b 01       	movw	r18, r22
    16aa:	ac 01       	movw	r20, r24
    16ac:	bd 01       	movw	r22, r26
    16ae:	cf 01       	movw	r24, r30
    16b0:	08 95       	ret

000016b2 <__tablejump2__>:
    16b2:	ee 0f       	add	r30, r30
    16b4:	ff 1f       	adc	r31, r31
    16b6:	88 1f       	adc	r24, r24
    16b8:	8b bf       	out	0x3b, r24	; 59
    16ba:	07 90       	elpm	r0, Z+
    16bc:	f6 91       	elpm	r31, Z
    16be:	e0 2d       	mov	r30, r0
    16c0:	1b be       	out	0x3b, r1	; 59
    16c2:	19 94       	eijmp

000016c4 <__umulhisi3>:
    16c4:	a2 9f       	mul	r26, r18
    16c6:	b0 01       	movw	r22, r0
    16c8:	b3 9f       	mul	r27, r19
    16ca:	c0 01       	movw	r24, r0
    16cc:	a3 9f       	mul	r26, r19
    16ce:	70 0d       	add	r23, r0
    16d0:	81 1d       	adc	r24, r1
    16d2:	11 24       	eor	r1, r1
    16d4:	91 1d       	adc	r25, r1
    16d6:	b2 9f       	mul	r27, r18
    16d8:	70 0d       	add	r23, r0
    16da:	81 1d       	adc	r24, r1
    16dc:	11 24       	eor	r1, r1
    16de:	91 1d       	adc	r25, r1
    16e0:	08 95       	ret

000016e2 <__muluhisi3>:
    16e2:	0e 94 62 0b 	call	0x16c4	; 0x16c4 <__umulhisi3>
    16e6:	a5 9f       	mul	r26, r21
    16e8:	90 0d       	add	r25, r0
    16ea:	b4 9f       	mul	r27, r20
    16ec:	90 0d       	add	r25, r0
    16ee:	a4 9f       	mul	r26, r20
    16f0:	80 0d       	add	r24, r0
    16f2:	91 1d       	adc	r25, r1
    16f4:	11 24       	eor	r1, r1
    16f6:	08 95       	ret

000016f8 <__mulshisi3>:
    16f8:	b7 ff       	sbrs	r27, 7
    16fa:	0c 94 71 0b 	jmp	0x16e2	; 0x16e2 <__muluhisi3>

000016fe <__mulohisi3>:
    16fe:	0e 94 71 0b 	call	0x16e2	; 0x16e2 <__muluhisi3>
    1702:	82 1b       	sub	r24, r18
    1704:	93 0b       	sbc	r25, r19
    1706:	08 95       	ret

00001708 <__umoddi3>:
    1708:	68 94       	set
    170a:	01 c0       	rjmp	.+2      	; 0x170e <__udivdi3_umoddi3>

0000170c <__udivdi3>:
    170c:	e8 94       	clt

0000170e <__udivdi3_umoddi3>:
    170e:	8f 92       	push	r8
    1710:	9f 92       	push	r9
    1712:	cf 93       	push	r28
    1714:	df 93       	push	r29
    1716:	0e 94 92 0b 	call	0x1724	; 0x1724 <__udivmod64>
    171a:	df 91       	pop	r29
    171c:	cf 91       	pop	r28
    171e:	9f 90       	pop	r9
    1720:	8f 90       	pop	r8
    1722:	08 95       	ret

00001724 <__udivmod64>:
    1724:	88 24       	eor	r8, r8
    1726:	99 24       	eor	r9, r9
    1728:	f4 01       	movw	r30, r8
    172a:	e4 01       	movw	r28, r8
    172c:	b0 e4       	ldi	r27, 0x40	; 64
    172e:	9f 93       	push	r25
    1730:	aa 27       	eor	r26, r26
    1732:	9a 15       	cp	r25, r10
    1734:	8b 04       	cpc	r8, r11
    1736:	9c 04       	cpc	r9, r12
    1738:	ed 05       	cpc	r30, r13
    173a:	fe 05       	cpc	r31, r14
    173c:	cf 05       	cpc	r28, r15
    173e:	d0 07       	cpc	r29, r16
    1740:	a1 07       	cpc	r26, r17
    1742:	98 f4       	brcc	.+38     	; 0x176a <__udivmod64+0x46>
    1744:	ad 2f       	mov	r26, r29
    1746:	dc 2f       	mov	r29, r28
    1748:	cf 2f       	mov	r28, r31
    174a:	fe 2f       	mov	r31, r30
    174c:	e9 2d       	mov	r30, r9
    174e:	98 2c       	mov	r9, r8
    1750:	89 2e       	mov	r8, r25
    1752:	98 2f       	mov	r25, r24
    1754:	87 2f       	mov	r24, r23
    1756:	76 2f       	mov	r23, r22
    1758:	65 2f       	mov	r22, r21
    175a:	54 2f       	mov	r21, r20
    175c:	43 2f       	mov	r20, r19
    175e:	32 2f       	mov	r19, r18
    1760:	22 27       	eor	r18, r18
    1762:	b8 50       	subi	r27, 0x08	; 8
    1764:	31 f7       	brne	.-52     	; 0x1732 <__udivmod64+0xe>
    1766:	bf 91       	pop	r27
    1768:	27 c0       	rjmp	.+78     	; 0x17b8 <__udivmod64+0x94>
    176a:	1b 2e       	mov	r1, r27
    176c:	bf 91       	pop	r27
    176e:	bb 27       	eor	r27, r27
    1770:	22 0f       	add	r18, r18
    1772:	33 1f       	adc	r19, r19
    1774:	44 1f       	adc	r20, r20
    1776:	55 1f       	adc	r21, r21
    1778:	66 1f       	adc	r22, r22
    177a:	77 1f       	adc	r23, r23
    177c:	88 1f       	adc	r24, r24
    177e:	99 1f       	adc	r25, r25
    1780:	88 1c       	adc	r8, r8
    1782:	99 1c       	adc	r9, r9
    1784:	ee 1f       	adc	r30, r30
    1786:	ff 1f       	adc	r31, r31
    1788:	cc 1f       	adc	r28, r28
    178a:	dd 1f       	adc	r29, r29
    178c:	aa 1f       	adc	r26, r26
    178e:	bb 1f       	adc	r27, r27
    1790:	8a 14       	cp	r8, r10
    1792:	9b 04       	cpc	r9, r11
    1794:	ec 05       	cpc	r30, r12
    1796:	fd 05       	cpc	r31, r13
    1798:	ce 05       	cpc	r28, r14
    179a:	df 05       	cpc	r29, r15
    179c:	a0 07       	cpc	r26, r16
    179e:	b1 07       	cpc	r27, r17
    17a0:	48 f0       	brcs	.+18     	; 0x17b4 <__udivmod64+0x90>
    17a2:	8a 18       	sub	r8, r10
    17a4:	9b 08       	sbc	r9, r11
    17a6:	ec 09       	sbc	r30, r12
    17a8:	fd 09       	sbc	r31, r13
    17aa:	ce 09       	sbc	r28, r14
    17ac:	df 09       	sbc	r29, r15
    17ae:	a0 0b       	sbc	r26, r16
    17b0:	b1 0b       	sbc	r27, r17
    17b2:	21 60       	ori	r18, 0x01	; 1
    17b4:	1a 94       	dec	r1
    17b6:	e1 f6       	brne	.-72     	; 0x1770 <__udivmod64+0x4c>
    17b8:	2e f4       	brtc	.+10     	; 0x17c4 <__udivmod64+0xa0>
    17ba:	94 01       	movw	r18, r8
    17bc:	af 01       	movw	r20, r30
    17be:	be 01       	movw	r22, r28
    17c0:	cd 01       	movw	r24, r26
    17c2:	00 0c       	add	r0, r0
    17c4:	08 95       	ret

000017c6 <__ashldi3>:
    17c6:	0f 93       	push	r16
    17c8:	08 30       	cpi	r16, 0x08	; 8
    17ca:	90 f0       	brcs	.+36     	; 0x17f0 <__ashldi3+0x2a>
    17cc:	98 2f       	mov	r25, r24
    17ce:	87 2f       	mov	r24, r23
    17d0:	76 2f       	mov	r23, r22
    17d2:	65 2f       	mov	r22, r21
    17d4:	54 2f       	mov	r21, r20
    17d6:	43 2f       	mov	r20, r19
    17d8:	32 2f       	mov	r19, r18
    17da:	22 27       	eor	r18, r18
    17dc:	08 50       	subi	r16, 0x08	; 8
    17de:	f4 cf       	rjmp	.-24     	; 0x17c8 <__ashldi3+0x2>
    17e0:	22 0f       	add	r18, r18
    17e2:	33 1f       	adc	r19, r19
    17e4:	44 1f       	adc	r20, r20
    17e6:	55 1f       	adc	r21, r21
    17e8:	66 1f       	adc	r22, r22
    17ea:	77 1f       	adc	r23, r23
    17ec:	88 1f       	adc	r24, r24
    17ee:	99 1f       	adc	r25, r25
    17f0:	0a 95       	dec	r16
    17f2:	b2 f7       	brpl	.-20     	; 0x17e0 <__ashldi3+0x1a>
    17f4:	0f 91       	pop	r16
    17f6:	08 95       	ret

000017f8 <ccp_write_io>:
    17f8:	dc 01       	movw	r26, r24
    17fa:	28 ed       	ldi	r18, 0xD8	; 216
    17fc:	20 93 34 00 	sts	0x0034, r18	; 0x800034 <__TEXT_REGION_LENGTH__+0x7de034>
    1800:	6c 93       	st	X, r22
    1802:	08 95       	ret

00001804 <_exit>:
    1804:	f8 94       	cli

00001806 <__stop_program>:
    1806:	ff cf       	rjmp	.-2      	; 0x1806 <__stop_program>
